Task ID,Job ID,Arrival min,Arrival max,Cost min,Cost max,Deadline,Priority
0,0,0,500,107,178,10000,0
0,1,10000,10500,107,178,20000,5
0,10,100000,100500,107,178,110000,50
0,100,1000000,1000500,107,178,1010000,500
0,101,1010000,1010500,107,178,1020000,502
0,102,1020000,1020500,107,178,1030000,508
0,103,1030000,1030500,107,178,1040000,513
0,104,1040000,1040500,107,178,1050000,516
0,105,1050000,1050500,107,178,1060000,524
0,106,1060000,1060500,107,178,1070000,529
0,107,1070000,1070500,107,178,1080000,531
0,108,1080000,1080500,107,178,1090000,539
0,109,1090000,1090500,107,178,1100000,544
0,11,110000,110500,107,178,120000,51
0,110,1100000,1100500,107,178,1110000,546
0,111,1110000,1110500,107,178,1120000,551
0,112,1120000,1120500,107,178,1130000,561
0,113,1130000,1130500,107,178,1140000,562
0,114,1140000,1140500,107,178,1150000,567
0,115,1150000,1150500,107,178,1160000,574
0,116,1160000,1160500,107,178,1170000,577
0,117,1170000,1170500,107,178,1180000,583
0,118,1180000,1180500,107,178,1190000,588
0,119,1190000,1190500,107,178,1200000,591
0,12,120000,120500,107,178,130000,59
0,120,1200000,1200500,107,178,1210000,599
0,121,1210000,1210500,107,178,1220000,604
0,122,1220000,1220500,107,178,1230000,607
0,123,1230000,1230500,107,178,1240000,612
0,124,1240000,1240500,107,178,1250000,619
0,125,1250000,1250500,107,178,1260000,621
0,126,1260000,1260500,107,178,1270000,628
0,127,1270000,1270500,107,178,1280000,634
0,128,1280000,1280500,107,178,1290000,637
0,129,1290000,1290500,107,178,1300000,643
0,13,130000,130500,107,178,140000,64
0,130,1300000,1300500,107,178,1310000,649
0,131,1310000,1310500,107,178,1320000,650
0,132,1320000,1320500,107,178,1330000,658
0,133,1330000,1330500,107,178,1340000,665
0,134,1340000,1340500,107,178,1350000,666
0,135,1350000,1350500,107,178,1360000,672
0,136,1360000,1360500,107,178,1370000,680
0,137,1370000,1370500,107,178,1380000,682
0,138,1380000,1380500,107,178,1390000,687
0,139,1390000,1390500,107,178,1400000,692
0,14,140000,140500,107,178,150000,67
0,140,1400000,1400500,107,178,1410000,698
0,141,1410000,1410500,107,178,1420000,703
0,142,1420000,1420500,107,178,1430000,709
0,143,1430000,1430500,107,178,1440000,711
0,144,1440000,1440500,107,178,1450000,718
0,145,1450000,1450500,107,178,1460000,724
0,146,1460000,1460500,107,178,1470000,725
0,147,1470000,1470500,107,178,1480000,733
0,148,1480000,1480500,107,178,1490000,740
0,149,1490000,1490500,107,178,1500000,741
0,15,150000,150500,107,178,160000,73
0,150,1500000,1500500,107,178,1510000,748
0,151,1510000,1510500,107,178,1520000,753
0,152,1520000,1520500,107,178,1530000,757
0,153,1530000,1530500,107,178,1540000,762
0,154,1540000,1540500,107,178,1550000,769
0,155,1550000,1550500,107,178,1560000,771
0,156,1560000,1560500,107,178,1570000,778
0,157,1570000,1570500,107,178,1580000,785
0,158,1580000,1580500,107,178,1590000,786
0,159,1590000,1590500,107,178,1600000,791
0,16,160000,160500,107,178,170000,80
0,160,1600000,1600500,107,178,1610000,799
0,161,1610000,1610500,107,178,1620000,802
0,162,1620000,1620500,107,178,1630000,808
0,163,1630000,1630500,107,178,1640000,813
0,164,1640000,1640500,107,178,1650000,817
0,165,1650000,1650500,107,178,1660000,823
0,166,1660000,1660500,107,178,1670000,828
0,167,1670000,1670500,107,178,1680000,830
0,168,1680000,1680500,107,178,1690000,839
0,169,1690000,1690500,107,178,1700000,844
0,17,170000,170500,107,178,180000,83
0,170,1700000,1700500,107,178,1710000,846
0,171,1710000,1710500,107,178,1720000,852
0,172,1720000,1720500,107,178,1730000,860
0,173,1730000,1730500,107,178,1740000,861
0,174,1740000,1740500,107,178,1750000,866
0,175,1750000,1750500,107,178,1760000,874
0,176,1760000,1760500,107,178,1770000,877
0,177,1770000,1770500,107,178,1780000,883
0,178,1780000,1780500,107,178,1790000,889
0,179,1790000,1790500,107,178,1800000,890
0,18,180000,180500,107,178,190000,88
0,180,1800000,1800500,107,178,1810000,898
0,181,1810000,1810500,107,178,1820000,903
0,182,1820000,1820500,107,178,1830000,907
0,183,1830000,1830500,107,178,1840000,912
0,184,1840000,1840500,107,178,1850000,919
0,185,1850000,1850500,107,178,1860000,922
0,186,1860000,1860500,107,178,1870000,927
0,187,1870000,1870500,107,178,1880000,933
0,188,1880000,1880500,107,178,1890000,936
0,189,1890000,1890500,107,178,1900000,943
0,19,190000,190500,107,178,200000,93
0,190,1900000,1900500,107,178,1910000,949
0,191,1910000,1910500,107,178,1920000,950
0,192,1920000,1920500,107,178,1930000,959
0,193,1930000,1930500,107,178,1940000,964
0,194,1940000,1940500,107,178,1950000,965
0,195,1950000,1950500,107,178,1960000,971
0,196,1960000,1960500,107,178,1970000,980
0,197,1970000,1970500,107,178,1980000,982
0,198,1980000,1980500,107,178,1990000,987
0,199,1990000,1990500,107,178,2000000,993
0,2,20000,20500,107,178,30000,7
0,20,200000,200500,107,178,210000,97
0,200,2000000,2000500,107,178,2010000,997
0,201,2010000,2010500,107,178,2020000,1002
0,202,2020000,2020500,107,178,2030000,1008
0,203,2030000,2030500,107,178,2040000,1011
0,204,2040000,2040500,107,178,2050000,1018
0,205,2050000,2050500,107,178,2060000,1024
0,206,2060000,2060500,107,178,2070000,1026
0,207,2070000,2070500,107,178,2080000,1032
0,208,2080000,2080500,107,178,2090000,1039
0,209,2090000,2090500,107,178,2100000,1040
0,21,210000,210500,107,178,220000,104
0,210,2100000,2100500,107,178,2110000,1048
0,211,2110000,2110500,107,178,2120000,1053
0,212,2120000,2120500,107,178,2130000,1057
0,213,2130000,2130500,107,178,2140000,1063
0,214,2140000,2140500,107,178,2150000,1068
0,215,2150000,2150500,107,178,2160000,1070
0,216,2160000,2160500,107,178,2170000,1077
0,217,2170000,2170500,107,178,2180000,1085
0,218,2180000,2180500,107,178,2190000,1086
0,219,2190000,2190500,107,178,2200000,1091
0,22,220000,220500,107,178,230000,110
0,220,2200000,2200500,107,178,2210000,1100
0,221,2210000,2210500,107,178,2220000,1101
0,222,2220000,2220500,107,178,2230000,1107
0,223,2230000,2230500,107,178,2240000,1112
0,224,2240000,2240500,107,178,2250000,1117
0,225,2250000,2250500,107,178,2260000,1123
0,226,2260000,2260500,107,178,2270000,1128
0,227,2270000,2270500,107,178,2280000,1131
0,228,2280000,2280500,107,178,2290000,1138
0,229,2290000,2290500,107,178,2300000,1143
0,23,230000,230500,107,178,240000,111
0,230,2300000,2300500,107,178,2310000,1145
0,231,2310000,2310500,107,178,2320000,1152
0,232,2320000,2320500,107,178,2330000,1160
0,233,2330000,2330500,107,178,2340000,1161
0,234,2340000,2340500,107,178,2350000,1167
0,235,2350000,2350500,107,178,2360000,1173
0,236,2360000,2360500,107,178,2370000,1176
0,237,2370000,2370500,107,178,2380000,1182
0,238,2380000,2380500,107,178,2390000,1189
0,239,2390000,2390500,107,178,2400000,1190
0,24,240000,240500,107,178,250000,119
0,240,2400000,2400500,107,178,2410000,1198
0,241,2410000,2410500,107,178,2420000,1204
0,242,2420000,2420500,107,178,2430000,1206
0,243,2430000,2430500,107,178,2440000,1211
0,244,2440000,2440500,107,178,2450000,1218
0,245,2450000,2450500,107,178,2460000,1222
0,246,2460000,2460500,107,178,2470000,1227
0,247,2470000,2470500,107,178,2480000,1233
0,248,2480000,2480500,107,178,2490000,1237
0,249,2490000,2490500,107,178,2500000,1242
0,25,250000,250500,107,178,260000,125
0,250,2500000,2500500,107,178,2510000,1248
0,251,2510000,2510500,107,178,2520000,1249
0,252,2520000,2520500,107,178,2530000,1259
0,253,2530000,2530500,107,178,2540000,1264
0,254,2540000,2540500,107,178,2550000,1265
0,255,2550000,2550500,107,178,2560000,1272
0,256,2560000,2560500,107,178,2570000,1279
0,257,2570000,2570500,107,178,2580000,1281
0,258,2580000,2580500,107,178,2590000,1286
0,259,2590000,2590500,107,178,2600000,1293
0,26,260000,260500,107,178,270000,126
0,260,2600000,2600500,107,178,2610000,1297
0,261,2610000,2610500,107,178,2620000,1302
0,262,2620000,2620500,107,178,2630000,1309
0,263,2630000,2630500,107,178,2640000,1310
0,264,2640000,2640500,107,178,2650000,1317
0,265,2650000,2650500,107,178,2660000,1323
0,266,2660000,2660500,107,178,2670000,1326
0,267,2670000,2670500,107,178,2680000,1332
0,268,2680000,2680500,107,178,2690000,1339
0,269,2690000,2690500,107,178,2700000,1341
0,27,270000,270500,107,178,280000,132
0,270,2700000,2700500,107,178,2710000,1347
0,271,2710000,2710500,107,178,2720000,1352
0,272,2720000,2720500,107,178,2730000,1356
0,273,2730000,2730500,107,178,2740000,1363
0,274,2740000,2740500,107,178,2750000,1368
0,275,2750000,2750500,107,178,2760000,1370
0,276,2760000,2760500,107,178,2770000,1378
0,277,2770000,2770500,107,178,2780000,1384
0,278,2780000,2780500,107,178,2790000,1385
0,279,2790000,2790500,107,178,2800000,1390
0,28,280000,280500,107,178,290000,141
0,280,2800000,2800500,107,178,2810000,1400
0,281,2810000,2810500,107,178,2820000,1401
0,282,2820000,2820500,107,178,2830000,1407
0,283,2830000,2830500,107,178,2840000,1413
0,284,2840000,2840500,107,178,2850000,1416
0,285,2850000,2850500,107,178,2860000,1422
0,286,2860000,2860500,107,178,2870000,1427
0,287,2870000,2870500,107,178,2880000,1431
0,288,2880000,2880500,107,178,2890000,1438
0,289,2890000,2890500,107,178,2900000,1443
0,29,290000,290500,107,178,300000,142
0,290,2900000,2900500,107,178,2910000,1446
0,291,2910000,2910500,107,178,2920000,1451
0,292,2920000,2920500,107,178,2930000,1459
0,293,2930000,2930500,107,178,2940000,1460
0,294,2940000,2940500,107,178,2950000,1467
0,295,2950000,2950500,107,178,2960000,1473
0,296,2960000,2960500,107,178,2970000,1476
0,297,2970000,2970500,107,178,2980000,1483
0,298,2980000,2980500,107,178,2990000,1488
0,299,2990000,2990500,107,178,3000000,1489
0,3,30000,30500,107,178,40000,13
0,30,300000,300500,107,178,310000,148
0,300,3000000,3000500,107,178,3010000,1497
0,301,3010000,3010500,107,178,3020000,1504
0,302,3020000,3020500,107,178,3030000,1506
0,303,3030000,3030500,107,178,3040000,1511
0,304,3040000,3040500,107,178,3050000,1519
0,305,3050000,3050500,107,178,3060000,1521
0,306,3060000,3060500,107,178,3070000,1526
0,307,3070000,3070500,107,178,3080000,1532
0,308,3080000,3080500,107,178,3090000,1537
0,309,3090000,3090500,107,178,3100000,1542
0,31,310000,310500,107,178,320000,154
0,310,3100000,3100500,107,178,3110000,1548
0,311,3110000,3110500,107,178,3120000,1550
0,312,3120000,3120500,107,178,3130000,1558
0,313,3130000,3130500,107,178,3140000,1563
0,314,3140000,3140500,107,178,3150000,1564
0,315,3150000,3150500,107,178,3160000,1572
0,316,3160000,3160500,107,178,3170000,1579
0,317,3170000,3170500,107,178,3180000,1581
0,318,3180000,3180500,107,178,3190000,1587
0,319,3190000,3190500,107,178,3200000,1592
0,32,320000,320500,107,178,330000,158
0,320,3200000,3200500,107,178,3210000,1596
0,321,3210000,3210500,107,178,3220000,1601
0,322,3220000,3220500,107,178,3230000,1609
0,323,3230000,3230500,107,178,3240000,1610
0,324,3240000,3240500,107,178,3250000,1617
0,325,3250000,3250500,107,178,3260000,1624
0,326,3260000,3260500,107,178,3270000,1625
0,327,3270000,3270500,107,178,3280000,1631
0,328,3280000,3280500,107,178,3290000,1638
0,329,3290000,3290500,107,178,3300000,1641
0,33,330000,330500,107,178,340000,163
0,330,3300000,3300500,107,178,3310000,1647
0,331,3310000,3310500,107,178,3320000,1652
0,332,3320000,3320500,107,178,3330000,1657
0,333,3330000,3330500,107,178,3340000,1662
0,334,3340000,3340500,107,178,3350000,1667
0,335,3350000,3350500,107,178,3360000,1669
0,336,3360000,3360500,107,178,3370000,1678
0,337,3370000,3370500,107,178,3380000,1684
0,338,3380000,3380500,107,178,3390000,1685
0,339,3390000,3390500,107,178,3400000,1691
0,34,340000,340500,107,178,350000,168
0,340,3400000,3400500,107,178,3410000,1699
0,341,3410000,3410500,107,178,3420000,1700
0,342,3420000,3420500,107,178,3430000,1706
0,343,3430000,3430500,107,178,3440000,1713
0,344,3440000,3440500,107,178,3450000,1716
0,345,3450000,3450500,107,178,3460000,1722
0,346,3460000,3460500,107,178,3470000,1728
0,347,3470000,3470500,107,178,3480000,1730
0,348,3480000,3480500,107,178,3490000,1737
0,349,3490000,3490500,107,178,3500000,1742
0,35,350000,350500,107,178,360000,172
0,350,3500000,3500500,107,178,3510000,1746
0,351,3510000,3510500,107,178,3520000,1751
0,352,3520000,3520500,107,178,3530000,1759
0,353,3530000,3530500,107,178,3540000,1761
0,354,3540000,3540500,107,178,3550000,1766
0,355,3550000,3550500,107,178,3560000,1772
0,356,3560000,3560500,107,178,3570000,1775
0,357,3570000,3570500,107,178,3580000,1783
0,358,3580000,3580500,107,178,3590000,1788
0,359,3590000,3590500,107,178,3600000,1789
0,36,360000,360500,107,178,370000,179
0,360,3600000,3600500,107,178,3610000,1798
0,361,3610000,3610500,107,178,3620000,1803
0,362,3620000,3620500,107,178,3630000,1805
0,363,3630000,3630500,107,178,3640000,1810
0,364,3640000,3640500,107,178,3650000,1819
0,365,3650000,3650500,107,178,3660000,1821
0,366,3660000,3660500,107,178,3670000,1826
0,367,3670000,3670500,107,178,3680000,1833
0,368,3680000,3680500,107,178,3690000,1836
0,369,3690000,3690500,107,178,3700000,1841
0,37,370000,370500,107,178,380000,185
0,370,3700000,3700500,107,178,3710000,1847
0,371,3710000,3710500,107,178,3720000,1850
0,372,3720000,3720500,107,178,3730000,1858
0,373,3730000,3730500,107,178,3740000,1863
0,374,3740000,3740500,107,178,3750000,1865
0,375,3750000,3750500,107,178,3760000,1871
0,376,3760000,3760500,107,178,3770000,1878
0,377,3770000,3770500,107,178,3780000,1880
0,378,3780000,3780500,107,178,3790000,1887
0,379,3790000,3790500,107,178,3800000,1892
0,38,380000,380500,107,178,390000,187
0,380,3800000,3800500,107,178,3810000,1896
0,381,3810000,3810500,107,178,3820000,1902
0,382,3820000,3820500,107,178,3830000,1908
0,383,3830000,3830500,107,178,3840000,1909
0,384,3840000,3840500,107,178,3850000,1916
0,385,3850000,3850500,107,178,3860000,1924
0,386,3860000,3860500,107,178,3870000,1925
0,387,3870000,3870500,107,178,3880000,1931
0,388,3880000,3880500,107,178,3890000,1939
0,389,3890000,3890500,107,178,3900000,1940
0,39,390000,390500,107,178,400000,192
0,390,3900000,3900500,107,178,3910000,1946
0,391,3910000,3910500,107,178,3920000,1951
0,392,3920000,3920500,107,178,3930000,1957
0,393,3930000,3930500,107,178,3940000,1962
0,394,3940000,3940500,107,178,3950000,1967
0,395,3950000,3950500,107,178,3960000,1970
0,396,3960000,3960500,107,178,3970000,1977
0,397,3970000,3970500,107,178,3980000,1983
0,398,3980000,3980500,107,178,3990000,1984
0,399,3990000,3990500,107,178,4000000,1991
0,4,40000,40500,107,178,50000,20
0,40,400000,400500,107,178,410000,200
0,400,4000000,4000500,107,178,4010000,1999
0,401,4010000,4010500,107,178,4020000,2000
0,402,4020000,4020500,107,178,4030000,2007
0,403,4030000,4030500,107,178,4040000,2012
0,404,4040000,4040500,107,178,4050000,2015
0,405,4050000,4050500,107,178,4060000,2021
0,406,4060000,4060500,107,178,4070000,2028
0,407,4070000,4070500,107,178,4080000,2030
0,408,4080000,4080500,107,178,4090000,2037
0,409,4090000,4090500,107,178,4100000,2043
0,41,410000,410500,107,178,420000,201
0,410,4100000,4100500,107,178,4110000,2045
0,411,4110000,4110500,107,178,4120000,2050
0,412,4120000,4120500,107,178,4130000,2058
0,413,4130000,4130500,107,178,4140000,2061
0,414,4140000,4140500,107,178,4150000,2066
0,415,4150000,4150500,107,178,4160000,2072
0,416,4160000,4160500,107,178,4170000,2076
0,417,4170000,4170500,107,178,4180000,2082
0,418,4180000,4180500,107,178,4190000,2087
0,419,4190000,4190500,107,178,4200000,2088
0,42,420000,420500,107,178,430000,209
0,43,430000,430500,107,178,440000,214
0,44,440000,440500,107,178,450000,217
0,45,450000,450500,107,178,460000,224
0,46,460000,460500,107,178,470000,229
0,47,470000,470500,107,178,480000,231
0,48,480000,480500,107,178,490000,238
0,49,490000,490500,107,178,500000,245
0,5,50000,50500,107,178,60000,22
0,50,500000,500500,107,178,510000,247
0,51,510000,510500,107,178,520000,252
0,52,520000,520500,107,178,530000,261
0,53,530000,530500,107,178,540000,262
0,54,540000,540500,107,178,550000,267
0,55,550000,550500,107,178,560000,273
0,56,560000,560500,107,178,570000,278
0,57,570000,570500,107,178,580000,284
0,58,580000,580500,107,178,590000,289
0,59,590000,590500,107,178,600000,291
0,6,60000,60500,107,178,70000,27
0,60,600000,600500,107,178,610000,299
0,61,610000,610500,107,178,620000,304
0,62,620000,620500,107,178,630000,306
0,63,630000,630500,107,178,640000,313
0,64,640000,640500,107,178,650000,320
0,65,650000,650500,107,178,660000,322
0,66,660000,660500,107,178,670000,328
0,67,670000,670500,107,178,680000,334
0,68,680000,680500,107,178,690000,337
0,69,690000,690500,107,178,700000,342
0,7,70000,70500,107,178,80000,35
0,70,700000,700500,107,178,710000,350
0,71,710000,710500,107,178,720000,351
0,72,720000,720500,107,178,730000,359
0,73,730000,730500,107,178,740000,365
0,74,740000,740500,107,178,750000,366
0,75,750000,750500,107,178,760000,372
0,76,760000,760500,107,178,770000,379
0,77,770000,770500,107,178,780000,383
0,78,780000,780500,107,178,790000,388
0,79,790000,790500,107,178,800000,393
0,8,80000,80500,107,178,90000,38
0,80,800000,800500,107,178,810000,398
0,81,810000,810500,107,178,820000,403
0,82,820000,820500,107,178,830000,409
0,83,830000,830500,107,178,840000,410
0,84,840000,840500,107,178,850000,419
0,85,850000,850500,107,178,860000,425
0,86,860000,860500,107,178,870000,426
0,87,870000,870500,107,178,880000,433
0,88,880000,880500,107,178,890000,440
0,89,890000,890500,107,178,900000,441
0,9,90000,90500,107,178,100000,43
0,90,900000,900500,107,178,910000,447
0,91,910000,910500,107,178,920000,454
0,92,920000,920500,107,178,930000,458
0,93,930000,930500,107,178,940000,463
0,94,940000,940500,107,178,950000,469
0,95,950000,950500,107,178,960000,471
0,96,960000,960500,107,178,970000,478
0,97,970000,970500,107,178,980000,484
0,98,980000,980500,107,178,990000,487
0,99,990000,990500,107,178,1000000,492
1,0,0,750,32,53,15000,1
1,1,15000,15750,32,53,30000,8
1,10,150000,150750,32,53,165000,76
1,100,1500000,1500750,32,53,1515000,749
1,101,1515000,1515750,32,53,1530000,758
1,102,1530000,1530750,32,53,1545000,765
1,103,1545000,1545750,32,53,1560000,772
1,104,1560000,1560750,32,53,1575000,779
1,105,1575000,1575750,32,53,1590000,787
1,106,1590000,1590750,32,53,1605000,795
1,107,1605000,1605750,32,53,1620000,803
1,108,1620000,1620750,32,53,1635000,809
1,109,1635000,1635750,32,53,1650000,818
1,11,165000,165750,32,53,180000,84
1,110,1650000,1650750,32,53,1665000,824
1,111,1665000,1665750,32,53,1680000,831
1,112,1680000,1680750,32,53,1695000,840
1,113,1695000,1695750,32,53,1710000,847
1,114,1710000,1710750,32,53,1725000,855
1,115,1725000,1725750,32,53,1740000,862
1,116,1740000,1740750,32,53,1755000,870
1,117,1755000,1755750,32,53,1770000,878
1,118,1770000,1770750,32,53,1785000,884
1,119,1785000,1785750,32,53,1800000,891
1,12,180000,180750,32,53,195000,89
1,120,1800000,1800750,32,53,1815000,899
1,121,1815000,1815750,32,53,1830000,908
1,122,1830000,1830750,32,53,1845000,915
1,123,1845000,1845750,32,53,1860000,923
1,124,1860000,1860750,32,53,1875000,928
1,125,1875000,1875750,32,53,1890000,937
1,126,1890000,1890750,32,53,1905000,945
1,127,1905000,1905750,32,53,1920000,951
1,128,1920000,1920750,32,53,1935000,960
1,129,1935000,1935750,32,53,1950000,966
1,13,195000,195750,32,53,210000,98
1,130,1950000,1950750,32,53,1965000,976
1,131,1965000,1965750,32,53,1980000,983
1,132,1980000,1980750,32,53,1995000,988
1,133,1995000,1995750,32,53,2010000,998
1,134,2010000,2010750,32,53,2025000,1003
1,135,2025000,2025750,32,53,2040000,1012
1,136,2040000,2040750,32,53,2055000,1020
1,137,2055000,2055750,32,53,2070000,1027
1,138,2070000,2070750,32,53,2085000,1035
1,139,2085000,2085750,32,53,2100000,1041
1,14,210000,210750,32,53,225000,105
1,140,2100000,2100750,32,53,2115000,1049
1,141,2115000,2115750,32,53,2130000,1058
1,142,2130000,2130750,32,53,2145000,1064
1,143,2145000,2145750,32,53,2160000,1071
1,144,2160000,2160750,32,53,2175000,1080
1,145,2175000,2175750,32,53,2190000,1087
1,146,2190000,2190750,32,53,2205000,1095
1,147,2205000,2205750,32,53,2220000,1102
1,148,2220000,2220750,32,53,2235000,1108
1,149,2235000,2235750,32,53,2250000,1118
1,15,225000,225750,32,53,240000,112
1,150,2250000,2250750,32,53,2265000,1124
1,151,2265000,2265750,32,53,2280000,1132
1,152,2280000,2280750,32,53,2295000,1139
1,153,2295000,2295750,32,53,2310000,1146
1,154,2310000,2310750,32,53,2325000,1155
1,155,2325000,2325750,32,53,2340000,1162
1,156,2340000,2340750,32,53,2355000,1169
1,157,2355000,2355750,32,53,2370000,1177
1,158,2370000,2370750,32,53,2385000,1185
1,159,2385000,2385750,32,53,2400000,1191
1,16,240000,240750,32,53,255000,121
1,160,2400000,2400750,32,53,2415000,1199
1,161,2415000,2415750,32,53,2430000,1207
1,162,2430000,2430750,32,53,2445000,1214
1,163,2445000,2445750,32,53,2460000,1223
1,164,2460000,2460750,32,53,2475000,1228
1,165,2475000,2475750,32,53,2490000,1238
1,166,2490000,2490750,32,53,2505000,1244
1,167,2505000,2505750,32,53,2520000,1250
1,168,2520000,2520750,32,53,2535000,1260
1,169,2535000,2535750,32,53,2550000,1266
1,17,255000,255750,32,53,270000,127
1,170,2550000,2550750,32,53,2565000,1275
1,171,2565000,2565750,32,53,2580000,1282
1,172,2580000,2580750,32,53,2595000,1289
1,173,2595000,2595750,32,53,2610000,1298
1,174,2610000,2610750,32,53,2625000,1303
1,175,2625000,2625750,32,53,2640000,1311
1,176,2640000,2640750,32,53,2655000,1319
1,177,2655000,2655750,32,53,2670000,1327
1,178,2670000,2670750,32,53,2685000,1335
1,179,2685000,2685750,32,53,2700000,1342
1,18,270000,270750,32,53,285000,137
1,180,2700000,2700750,32,53,2715000,1348
1,181,2715000,2715750,32,53,2730000,1357
1,182,2730000,2730750,32,53,2745000,1364
1,183,2745000,2745750,32,53,2760000,1371
1,184,2760000,2760750,32,53,2775000,1379
1,185,2775000,2775750,32,53,2790000,1386
1,186,2790000,2790750,32,53,2805000,1396
1,187,2805000,2805750,32,53,2820000,1402
1,188,2820000,2820750,32,53,2835000,1408
1,189,2835000,2835750,32,53,2850000,1417
1,19,285000,285750,32,53,300000,143
1,190,2850000,2850750,32,53,2865000,1423
1,191,2865000,2865750,32,53,2880000,1432
1,192,2880000,2880750,32,53,2895000,1439
1,193,2895000,2895750,32,53,2910000,1447
1,194,2910000,2910750,32,53,2925000,1454
1,195,2925000,2925750,32,53,2940000,1461
1,196,2940000,2940750,32,53,2955000,1469
1,197,2955000,2955750,32,53,2970000,1477
1,198,2970000,2970750,32,53,2985000,1484
1,199,2985000,2985750,32,53,3000000,1490
1,2,30000,30750,32,53,45000,16
1,20,300000,300750,32,53,315000,149
1,200,3000000,3000750,32,53,3015000,1500
1,201,3015000,3015750,32,53,3030000,1507
1,202,3030000,3030750,32,53,3045000,1514
1,203,3045000,3045750,32,53,3060000,1522
1,204,3060000,3060750,32,53,3075000,1527
1,205,3075000,3075750,32,53,3090000,1538
1,206,3090000,3090750,32,53,3105000,1544
1,207,3105000,3105750,32,53,3120000,1551
1,208,3120000,3120750,32,53,3135000,1559
1,209,3135000,3135750,32,53,3150000,1565
1,21,315000,315750,32,53,330000,159
1,210,3150000,3150750,32,53,3165000,1575
1,211,3165000,3165750,32,53,3180000,1582
1,212,3180000,3180750,32,53,3195000,1588
1,213,3195000,3195750,32,53,3210000,1597
1,214,3210000,3210750,32,53,3225000,1604
1,215,3225000,3225750,32,53,3240000,1611
1,216,3240000,3240750,32,53,3255000,1619
1,217,3255000,3255750,32,53,3270000,1626
1,218,3270000,3270750,32,53,3285000,1634
1,219,3285000,3285750,32,53,3300000,1642
1,22,330000,330750,32,53,345000,164
1,220,3300000,3300750,32,53,3315000,1648
1,221,3315000,3315750,32,53,3330000,1658
1,222,3330000,3330750,32,53,3345000,1663
1,223,3345000,3345750,32,53,3360000,1670
1,224,3360000,3360750,32,53,3375000,1679
1,225,3375000,3375750,32,53,3390000,1686
1,226,3390000,3390750,32,53,3405000,1695
1,227,3405000,3405750,32,53,3420000,1701
1,228,3420000,3420750,32,53,3435000,1709
1,229,3435000,3435750,32,53,3450000,1717
1,23,345000,345750,32,53,360000,173
1,230,3450000,3450750,32,53,3465000,1723
1,231,3465000,3465750,32,53,3480000,1731
1,232,3480000,3480750,32,53,3495000,1738
1,233,3495000,3495750,32,53,3510000,1747
1,234,3510000,3510750,32,53,3525000,1754
1,235,3525000,3525750,32,53,3540000,1762
1,236,3540000,3540750,32,53,3555000,1768
1,237,3555000,3555750,32,53,3570000,1776
1,238,3570000,3570750,32,53,3585000,1784
1,239,3585000,3585750,32,53,3600000,1790
1,24,360000,360750,32,53,375000,180
1,240,3600000,3600750,32,53,3615000,1799
1,241,3615000,3615750,32,53,3630000,1806
1,242,3630000,3630750,32,53,3645000,1815
1,243,3645000,3645750,32,53,3660000,1822
1,244,3660000,3660750,32,53,3675000,1827
1,245,3675000,3675750,32,53,3690000,1837
1,246,3690000,3690750,32,53,3705000,1843
1,247,3705000,3705750,32,53,3720000,1851
1,248,3720000,3720750,32,53,3735000,1859
1,249,3735000,3735750,32,53,3750000,1866
1,25,375000,375750,32,53,390000,188
1,250,3750000,3750750,32,53,3765000,1874
1,251,3765000,3765750,32,53,3780000,1881
1,252,3780000,3780750,32,53,3795000,1888
1,253,3795000,3795750,32,53,3810000,1897
1,254,3810000,3810750,32,53,3825000,1903
1,255,3825000,3825750,32,53,3840000,1910
1,256,3840000,3840750,32,53,3855000,1920
1,257,3855000,3855750,32,53,3870000,1926
1,258,3870000,3870750,32,53,3885000,1934
1,259,3885000,3885750,32,53,3900000,1941
1,26,390000,390750,32,53,405000,196
1,260,3900000,3900750,32,53,3915000,1947
1,261,3915000,3915750,32,53,3930000,1958
1,262,3930000,3930750,32,53,3945000,1963
1,263,3945000,3945750,32,53,3960000,1971
1,264,3960000,3960750,32,53,3975000,1978
1,265,3975000,3975750,32,53,3990000,1985
1,266,3990000,3990750,32,53,4005000,1995
1,267,4005000,4005750,32,53,4020000,2001
1,268,4020000,4020750,32,53,4035000,2008
1,269,4035000,4035750,32,53,4050000,2016
1,27,405000,405750,32,53,420000,202
1,270,4050000,4050750,32,53,4065000,2024
1,271,4065000,4065750,32,53,4080000,2031
1,272,4080000,4080750,32,53,4095000,2038
1,273,4095000,4095750,32,53,4110000,2046
1,274,4110000,4110750,32,53,4125000,2053
1,275,4125000,4125750,32,53,4140000,2062
1,276,4140000,4140750,32,53,4155000,2068
1,277,4155000,4155750,32,53,4170000,2077
1,278,4170000,4170750,32,53,4185000,2083
1,279,4185000,4185750,32,53,4200000,2089
1,28,420000,420750,32,53,435000,210
1,29,435000,435750,32,53,450000,218
1,3,45000,45750,32,53,60000,23
1,30,450000,450750,32,53,465000,225
1,31,465000,465750,32,53,480000,232
1,32,480000,480750,32,53,495000,241
1,33,495000,495750,32,53,510000,248
1,34,510000,510750,32,53,525000,255
1,35,525000,525750,32,53,540000,263
1,36,540000,540750,32,53,555000,269
1,37,555000,555750,32,53,570000,279
1,38,570000,570750,32,53,585000,285
1,39,585000,585750,32,53,600000,292
1,4,60000,60750,32,53,75000,30
1,40,600000,600750,32,53,615000,300
1,41,615000,615750,32,53,630000,307
1,42,630000,630750,32,53,645000,316
1,43,645000,645750,32,53,660000,323
1,44,660000,660750,32,53,675000,329
1,45,675000,675750,32,53,690000,338
1,46,690000,690750,32,53,705000,346
1,47,705000,705750,32,53,720000,352
1,48,720000,720750,32,53,735000,360
1,49,735000,735750,32,53,750000,367
1,5,75000,75750,32,53,90000,39
1,50,750000,750750,32,53,765000,375
1,51,765000,765750,32,53,780000,384
1,52,780000,780750,32,53,795000,389
1,53,795000,795750,32,53,810000,399
1,54,810000,810750,32,53,825000,404
1,55,825000,825750,32,53,840000,411
1,56,840000,840750,32,53,855000,421
1,57,855000,855750,32,53,870000,427
1,58,870000,870750,32,53,885000,436
1,59,885000,885750,32,53,900000,442
1,6,90000,90750,32,53,105000,45
1,60,900000,900750,32,53,915000,450
1,61,915000,915750,32,53,930000,459
1,62,930000,930750,32,53,945000,464
1,63,945000,945750,32,53,960000,472
1,64,960000,960750,32,53,975000,479
1,65,975000,975750,32,53,990000,488
1,66,990000,990750,32,53,1005000,496
1,67,1005000,1005750,32,53,1020000,503
1,68,1020000,1020750,32,53,1035000,509
1,69,1035000,1035750,32,53,1050000,517
1,7,105000,105750,32,53,120000,52
1,70,1050000,1050750,32,53,1065000,525
1,71,1065000,1065750,32,53,1080000,532
1,72,1080000,1080750,32,53,1095000,540
1,73,1095000,1095750,32,53,1110000,547
1,74,1110000,1110750,32,53,1125000,556
1,75,1125000,1125750,32,53,1140000,563
1,76,1140000,1140750,32,53,1155000,569
1,77,1155000,1155750,32,53,1170000,578
1,78,1170000,1170750,32,53,1185000,584
1,79,1185000,1185750,32,53,1200000,592
1,8,120000,120750,32,53,135000,60
1,80,1200000,1200750,32,53,1215000,600
1,81,1215000,1215750,32,53,1230000,608
1,82,1230000,1230750,32,53,1245000,615
1,83,1245000,1245750,32,53,1260000,622
1,84,1260000,1260750,32,53,1275000,629
1,85,1275000,1275750,32,53,1290000,638
1,86,1290000,1290750,32,53,1305000,645
1,87,1305000,1305750,32,53,1320000,651
1,88,1320000,1320750,32,53,1335000,661
1,89,1335000,1335750,32,53,1350000,667
1,9,135000,135750,32,53,150000,68
1,90,1350000,1350750,32,53,1365000,675
1,91,1365000,1365750,32,53,1380000,683
1,92,1380000,1380750,32,53,1395000,688
1,93,1395000,1395750,32,53,1410000,699
1,94,1410000,1410750,32,53,1425000,704
1,95,1425000,1425750,32,53,1440000,712
1,96,1440000,1440750,32,53,1455000,720
1,97,1455000,1455750,32,53,1470000,726
1,98,1470000,1470750,32,53,1485000,736
1,99,1485000,1485750,32,53,1500000,742
2,0,0,750,1389,2315,15000,2
2,1,15000,15750,1389,2315,30000,9
2,10,150000,150750,1389,2315,165000,77
2,100,1500000,1500750,1389,2315,1515000,750
2,101,1515000,1515750,1389,2315,1530000,759
2,102,1530000,1530750,1389,2315,1545000,766
2,103,1545000,1545750,1389,2315,1560000,773
2,104,1560000,1560750,1389,2315,1575000,780
2,105,1575000,1575750,1389,2315,1590000,788
2,106,1590000,1590750,1389,2315,1605000,796
2,107,1605000,1605750,1389,2315,1620000,804
2,108,1620000,1620750,1389,2315,1635000,810
2,109,1635000,1635750,1389,2315,1650000,819
2,11,165000,165750,1389,2315,180000,85
2,110,1650000,1650750,1389,2315,1665000,825
2,111,1665000,1665750,1389,2315,1680000,832
2,112,1680000,1680750,1389,2315,1695000,841
2,113,1695000,1695750,1389,2315,1710000,848
2,114,1710000,1710750,1389,2315,1725000,856
2,115,1725000,1725750,1389,2315,1740000,863
2,116,1740000,1740750,1389,2315,1755000,871
2,117,1755000,1755750,1389,2315,1770000,879
2,118,1770000,1770750,1389,2315,1785000,885
2,119,1785000,1785750,1389,2315,1800000,892
2,12,180000,180750,1389,2315,195000,90
2,120,1800000,1800750,1389,2315,1815000,900
2,121,1815000,1815750,1389,2315,1830000,909
2,122,1830000,1830750,1389,2315,1845000,916
2,123,1845000,1845750,1389,2315,1860000,924
2,124,1860000,1860750,1389,2315,1875000,929
2,125,1875000,1875750,1389,2315,1890000,938
2,126,1890000,1890750,1389,2315,1905000,946
2,127,1905000,1905750,1389,2315,1920000,952
2,128,1920000,1920750,1389,2315,1935000,961
2,129,1935000,1935750,1389,2315,1950000,967
2,13,195000,195750,1389,2315,210000,99
2,130,1950000,1950750,1389,2315,1965000,977
2,131,1965000,1965750,1389,2315,1980000,984
2,132,1980000,1980750,1389,2315,1995000,989
2,133,1995000,1995750,1389,2315,2010000,999
2,134,2010000,2010750,1389,2315,2025000,1004
2,135,2025000,2025750,1389,2315,2040000,1013
2,136,2040000,2040750,1389,2315,2055000,1021
2,137,2055000,2055750,1389,2315,2070000,1028
2,138,2070000,2070750,1389,2315,2085000,1036
2,139,2085000,2085750,1389,2315,2100000,1042
2,14,210000,210750,1389,2315,225000,106
2,140,2100000,2100750,1389,2315,2115000,1050
2,141,2115000,2115750,1389,2315,2130000,1059
2,142,2130000,2130750,1389,2315,2145000,1065
2,143,2145000,2145750,1389,2315,2160000,1072
2,144,2160000,2160750,1389,2315,2175000,1081
2,145,2175000,2175750,1389,2315,2190000,1088
2,146,2190000,2190750,1389,2315,2205000,1096
2,147,2205000,2205750,1389,2315,2220000,1103
2,148,2220000,2220750,1389,2315,2235000,1109
2,149,2235000,2235750,1389,2315,2250000,1119
2,15,225000,225750,1389,2315,240000,113
2,150,2250000,2250750,1389,2315,2265000,1125
2,151,2265000,2265750,1389,2315,2280000,1133
2,152,2280000,2280750,1389,2315,2295000,1140
2,153,2295000,2295750,1389,2315,2310000,1147
2,154,2310000,2310750,1389,2315,2325000,1156
2,155,2325000,2325750,1389,2315,2340000,1163
2,156,2340000,2340750,1389,2315,2355000,1170
2,157,2355000,2355750,1389,2315,2370000,1178
2,158,2370000,2370750,1389,2315,2385000,1186
2,159,2385000,2385750,1389,2315,2400000,1192
2,16,240000,240750,1389,2315,255000,122
2,160,2400000,2400750,1389,2315,2415000,1200
2,161,2415000,2415750,1389,2315,2430000,1208
2,162,2430000,2430750,1389,2315,2445000,1215
2,163,2445000,2445750,1389,2315,2460000,1224
2,164,2460000,2460750,1389,2315,2475000,1229
2,165,2475000,2475750,1389,2315,2490000,1239
2,166,2490000,2490750,1389,2315,2505000,1245
2,167,2505000,2505750,1389,2315,2520000,1251
2,168,2520000,2520750,1389,2315,2535000,1261
2,169,2535000,2535750,1389,2315,2550000,1267
2,17,255000,255750,1389,2315,270000,128
2,170,2550000,2550750,1389,2315,2565000,1276
2,171,2565000,2565750,1389,2315,2580000,1283
2,172,2580000,2580750,1389,2315,2595000,1290
2,173,2595000,2595750,1389,2315,2610000,1299
2,174,2610000,2610750,1389,2315,2625000,1304
2,175,2625000,2625750,1389,2315,2640000,1312
2,176,2640000,2640750,1389,2315,2655000,1320
2,177,2655000,2655750,1389,2315,2670000,1328
2,178,2670000,2670750,1389,2315,2685000,1336
2,179,2685000,2685750,1389,2315,2700000,1343
2,18,270000,270750,1389,2315,285000,138
2,180,2700000,2700750,1389,2315,2715000,1349
2,181,2715000,2715750,1389,2315,2730000,1358
2,182,2730000,2730750,1389,2315,2745000,1365
2,183,2745000,2745750,1389,2315,2760000,1372
2,184,2760000,2760750,1389,2315,2775000,1380
2,185,2775000,2775750,1389,2315,2790000,1387
2,186,2790000,2790750,1389,2315,2805000,1397
2,187,2805000,2805750,1389,2315,2820000,1403
2,188,2820000,2820750,1389,2315,2835000,1409
2,189,2835000,2835750,1389,2315,2850000,1418
2,19,285000,285750,1389,2315,300000,144
2,190,2850000,2850750,1389,2315,2865000,1424
2,191,2865000,2865750,1389,2315,2880000,1433
2,192,2880000,2880750,1389,2315,2895000,1440
2,193,2895000,2895750,1389,2315,2910000,1448
2,194,2910000,2910750,1389,2315,2925000,1455
2,195,2925000,2925750,1389,2315,2940000,1462
2,196,2940000,2940750,1389,2315,2955000,1470
2,197,2955000,2955750,1389,2315,2970000,1478
2,198,2970000,2970750,1389,2315,2985000,1485
2,199,2985000,2985750,1389,2315,3000000,1491
2,2,30000,30750,1389,2315,45000,17
2,20,300000,300750,1389,2315,315000,150
2,200,3000000,3000750,1389,2315,3015000,1501
2,201,3015000,3015750,1389,2315,3030000,1508
2,202,3030000,3030750,1389,2315,3045000,1515
2,203,3045000,3045750,1389,2315,3060000,1523
2,204,3060000,3060750,1389,2315,3075000,1528
2,205,3075000,3075750,1389,2315,3090000,1539
2,206,3090000,3090750,1389,2315,3105000,1545
2,207,3105000,3105750,1389,2315,3120000,1552
2,208,3120000,3120750,1389,2315,3135000,1560
2,209,3135000,3135750,1389,2315,3150000,1566
2,21,315000,315750,1389,2315,330000,160
2,210,3150000,3150750,1389,2315,3165000,1576
2,211,3165000,3165750,1389,2315,3180000,1583
2,212,3180000,3180750,1389,2315,3195000,1589
2,213,3195000,3195750,1389,2315,3210000,1598
2,214,3210000,3210750,1389,2315,3225000,1605
2,215,3225000,3225750,1389,2315,3240000,1612
2,216,3240000,3240750,1389,2315,3255000,1620
2,217,3255000,3255750,1389,2315,3270000,1627
2,218,3270000,3270750,1389,2315,3285000,1635
2,219,3285000,3285750,1389,2315,3300000,1643
2,22,330000,330750,1389,2315,345000,165
2,220,3300000,3300750,1389,2315,3315000,1649
2,221,3315000,3315750,1389,2315,3330000,1659
2,222,3330000,3330750,1389,2315,3345000,1664
2,223,3345000,3345750,1389,2315,3360000,1671
2,224,3360000,3360750,1389,2315,3375000,1680
2,225,3375000,3375750,1389,2315,3390000,1687
2,226,3390000,3390750,1389,2315,3405000,1696
2,227,3405000,3405750,1389,2315,3420000,1702
2,228,3420000,3420750,1389,2315,3435000,1710
2,229,3435000,3435750,1389,2315,3450000,1718
2,23,345000,345750,1389,2315,360000,174
2,230,3450000,3450750,1389,2315,3465000,1724
2,231,3465000,3465750,1389,2315,3480000,1732
2,232,3480000,3480750,1389,2315,3495000,1739
2,233,3495000,3495750,1389,2315,3510000,1748
2,234,3510000,3510750,1389,2315,3525000,1755
2,235,3525000,3525750,1389,2315,3540000,1763
2,236,3540000,3540750,1389,2315,3555000,1769
2,237,3555000,3555750,1389,2315,3570000,1777
2,238,3570000,3570750,1389,2315,3585000,1785
2,239,3585000,3585750,1389,2315,3600000,1791
2,24,360000,360750,1389,2315,375000,181
2,240,3600000,3600750,1389,2315,3615000,1800
2,241,3615000,3615750,1389,2315,3630000,1807
2,242,3630000,3630750,1389,2315,3645000,1816
2,243,3645000,3645750,1389,2315,3660000,1823
2,244,3660000,3660750,1389,2315,3675000,1828
2,245,3675000,3675750,1389,2315,3690000,1838
2,246,3690000,3690750,1389,2315,3705000,1844
2,247,3705000,3705750,1389,2315,3720000,1852
2,248,3720000,3720750,1389,2315,3735000,1860
2,249,3735000,3735750,1389,2315,3750000,1867
2,25,375000,375750,1389,2315,390000,189
2,250,3750000,3750750,1389,2315,3765000,1875
2,251,3765000,3765750,1389,2315,3780000,1882
2,252,3780000,3780750,1389,2315,3795000,1889
2,253,3795000,3795750,1389,2315,3810000,1898
2,254,3810000,3810750,1389,2315,3825000,1904
2,255,3825000,3825750,1389,2315,3840000,1911
2,256,3840000,3840750,1389,2315,3855000,1921
2,257,3855000,3855750,1389,2315,3870000,1927
2,258,3870000,3870750,1389,2315,3885000,1935
2,259,3885000,3885750,1389,2315,3900000,1942
2,26,390000,390750,1389,2315,405000,197
2,260,3900000,3900750,1389,2315,3915000,1948
2,261,3915000,3915750,1389,2315,3930000,1959
2,262,3930000,3930750,1389,2315,3945000,1964
2,263,3945000,3945750,1389,2315,3960000,1972
2,264,3960000,3960750,1389,2315,3975000,1979
2,265,3975000,3975750,1389,2315,3990000,1986
2,266,3990000,3990750,1389,2315,4005000,1996
2,267,4005000,4005750,1389,2315,4020000,2002
2,268,4020000,4020750,1389,2315,4035000,2009
2,269,4035000,4035750,1389,2315,4050000,2017
2,27,405000,405750,1389,2315,420000,203
2,270,4050000,4050750,1389,2315,4065000,2025
2,271,4065000,4065750,1389,2315,4080000,2032
2,272,4080000,4080750,1389,2315,4095000,2039
2,273,4095000,4095750,1389,2315,4110000,2047
2,274,4110000,4110750,1389,2315,4125000,2054
2,275,4125000,4125750,1389,2315,4140000,2063
2,276,4140000,4140750,1389,2315,4155000,2069
2,277,4155000,4155750,1389,2315,4170000,2078
2,278,4170000,4170750,1389,2315,4185000,2084
2,279,4185000,4185750,1389,2315,4200000,2090
2,28,420000,420750,1389,2315,435000,211
2,29,435000,435750,1389,2315,450000,219
2,3,45000,45750,1389,2315,60000,24
2,30,450000,450750,1389,2315,465000,226
2,31,465000,465750,1389,2315,480000,233
2,32,480000,480750,1389,2315,495000,242
2,33,495000,495750,1389,2315,510000,249
2,34,510000,510750,1389,2315,525000,256
2,35,525000,525750,1389,2315,540000,264
2,36,540000,540750,1389,2315,555000,270
2,37,555000,555750,1389,2315,570000,280
2,38,570000,570750,1389,2315,585000,286
2,39,585000,585750,1389,2315,600000,293
2,4,60000,60750,1389,2315,75000,31
2,40,600000,600750,1389,2315,615000,301
2,41,615000,615750,1389,2315,630000,308
2,42,630000,630750,1389,2315,645000,317
2,43,645000,645750,1389,2315,660000,324
2,44,660000,660750,1389,2315,675000,330
2,45,675000,675750,1389,2315,690000,339
2,46,690000,690750,1389,2315,705000,347
2,47,705000,705750,1389,2315,720000,353
2,48,720000,720750,1389,2315,735000,361
2,49,735000,735750,1389,2315,750000,368
2,5,75000,75750,1389,2315,90000,40
2,50,750000,750750,1389,2315,765000,376
2,51,765000,765750,1389,2315,780000,385
2,52,780000,780750,1389,2315,795000,390
2,53,795000,795750,1389,2315,810000,400
2,54,810000,810750,1389,2315,825000,405
2,55,825000,825750,1389,2315,840000,412
2,56,840000,840750,1389,2315,855000,422
2,57,855000,855750,1389,2315,870000,428
2,58,870000,870750,1389,2315,885000,437
2,59,885000,885750,1389,2315,900000,443
2,6,90000,90750,1389,2315,105000,46
2,60,900000,900750,1389,2315,915000,451
2,61,915000,915750,1389,2315,930000,460
2,62,930000,930750,1389,2315,945000,465
2,63,945000,945750,1389,2315,960000,473
2,64,960000,960750,1389,2315,975000,480
2,65,975000,975750,1389,2315,990000,489
2,66,990000,990750,1389,2315,1005000,497
2,67,1005000,1005750,1389,2315,1020000,504
2,68,1020000,1020750,1389,2315,1035000,510
2,69,1035000,1035750,1389,2315,1050000,518
2,7,105000,105750,1389,2315,120000,53
2,70,1050000,1050750,1389,2315,1065000,526
2,71,1065000,1065750,1389,2315,1080000,533
2,72,1080000,1080750,1389,2315,1095000,541
2,73,1095000,1095750,1389,2315,1110000,548
2,74,1110000,1110750,1389,2315,1125000,557
2,75,1125000,1125750,1389,2315,1140000,564
2,76,1140000,1140750,1389,2315,1155000,570
2,77,1155000,1155750,1389,2315,1170000,579
2,78,1170000,1170750,1389,2315,1185000,585
2,79,1185000,1185750,1389,2315,1200000,593
2,8,120000,120750,1389,2315,135000,61
2,80,1200000,1200750,1389,2315,1215000,601
2,81,1215000,1215750,1389,2315,1230000,609
2,82,1230000,1230750,1389,2315,1245000,616
2,83,1245000,1245750,1389,2315,1260000,623
2,84,1260000,1260750,1389,2315,1275000,630
2,85,1275000,1275750,1389,2315,1290000,639
2,86,1290000,1290750,1389,2315,1305000,646
2,87,1305000,1305750,1389,2315,1320000,652
2,88,1320000,1320750,1389,2315,1335000,662
2,89,1335000,1335750,1389,2315,1350000,668
2,9,135000,135750,1389,2315,150000,69
2,90,1350000,1350750,1389,2315,1365000,676
2,91,1365000,1365750,1389,2315,1380000,684
2,92,1380000,1380750,1389,2315,1395000,689
2,93,1395000,1395750,1389,2315,1410000,700
2,94,1410000,1410750,1389,2315,1425000,705
2,95,1425000,1425750,1389,2315,1440000,713
2,96,1440000,1440750,1389,2315,1455000,721
2,97,1455000,1455750,1389,2315,1470000,727
2,98,1470000,1470750,1389,2315,1485000,737
2,99,1485000,1485750,1389,2315,1500000,743
3,0,0,750,936,1559,15000,3
3,1,15000,15750,936,1559,30000,10
3,10,150000,150750,936,1559,165000,78
3,100,1500000,1500750,936,1559,1515000,751
3,101,1515000,1515750,936,1559,1530000,760
3,102,1530000,1530750,936,1559,1545000,767
3,103,1545000,1545750,936,1559,1560000,774
3,104,1560000,1560750,936,1559,1575000,781
3,105,1575000,1575750,936,1559,1590000,789
3,106,1590000,1590750,936,1559,1605000,797
3,107,1605000,1605750,936,1559,1620000,805
3,108,1620000,1620750,936,1559,1635000,811
3,109,1635000,1635750,936,1559,1650000,820
3,11,165000,165750,936,1559,180000,86
3,110,1650000,1650750,936,1559,1665000,826
3,111,1665000,1665750,936,1559,1680000,833
3,112,1680000,1680750,936,1559,1695000,842
3,113,1695000,1695750,936,1559,1710000,849
3,114,1710000,1710750,936,1559,1725000,857
3,115,1725000,1725750,936,1559,1740000,864
3,116,1740000,1740750,936,1559,1755000,872
3,117,1755000,1755750,936,1559,1770000,880
3,118,1770000,1770750,936,1559,1785000,886
3,119,1785000,1785750,936,1559,1800000,893
3,12,180000,180750,936,1559,195000,91
3,120,1800000,1800750,936,1559,1815000,901
3,121,1815000,1815750,936,1559,1830000,910
3,122,1830000,1830750,936,1559,1845000,917
3,123,1845000,1845750,936,1559,1860000,925
3,124,1860000,1860750,936,1559,1875000,930
3,125,1875000,1875750,936,1559,1890000,939
3,126,1890000,1890750,936,1559,1905000,947
3,127,1905000,1905750,936,1559,1920000,953
3,128,1920000,1920750,936,1559,1935000,962
3,129,1935000,1935750,936,1559,1950000,968
3,13,195000,195750,936,1559,210000,100
3,130,1950000,1950750,936,1559,1965000,978
3,131,1965000,1965750,936,1559,1980000,985
3,132,1980000,1980750,936,1559,1995000,990
3,133,1995000,1995750,936,1559,2010000,1000
3,134,2010000,2010750,936,1559,2025000,1005
3,135,2025000,2025750,936,1559,2040000,1014
3,136,2040000,2040750,936,1559,2055000,1022
3,137,2055000,2055750,936,1559,2070000,1029
3,138,2070000,2070750,936,1559,2085000,1037
3,139,2085000,2085750,936,1559,2100000,1043
3,14,210000,210750,936,1559,225000,107
3,140,2100000,2100750,936,1559,2115000,1051
3,141,2115000,2115750,936,1559,2130000,1060
3,142,2130000,2130750,936,1559,2145000,1066
3,143,2145000,2145750,936,1559,2160000,1073
3,144,2160000,2160750,936,1559,2175000,1082
3,145,2175000,2175750,936,1559,2190000,1089
3,146,2190000,2190750,936,1559,2205000,1097
3,147,2205000,2205750,936,1559,2220000,1104
3,148,2220000,2220750,936,1559,2235000,1110
3,149,2235000,2235750,936,1559,2250000,1120
3,15,225000,225750,936,1559,240000,114
3,150,2250000,2250750,936,1559,2265000,1126
3,151,2265000,2265750,936,1559,2280000,1134
3,152,2280000,2280750,936,1559,2295000,1141
3,153,2295000,2295750,936,1559,2310000,1148
3,154,2310000,2310750,936,1559,2325000,1157
3,155,2325000,2325750,936,1559,2340000,1164
3,156,2340000,2340750,936,1559,2355000,1171
3,157,2355000,2355750,936,1559,2370000,1179
3,158,2370000,2370750,936,1559,2385000,1187
3,159,2385000,2385750,936,1559,2400000,1193
3,16,240000,240750,936,1559,255000,123
3,160,2400000,2400750,936,1559,2415000,1201
3,161,2415000,2415750,936,1559,2430000,1209
3,162,2430000,2430750,936,1559,2445000,1216
3,163,2445000,2445750,936,1559,2460000,1225
3,164,2460000,2460750,936,1559,2475000,1230
3,165,2475000,2475750,936,1559,2490000,1240
3,166,2490000,2490750,936,1559,2505000,1246
3,167,2505000,2505750,936,1559,2520000,1252
3,168,2520000,2520750,936,1559,2535000,1262
3,169,2535000,2535750,936,1559,2550000,1268
3,17,255000,255750,936,1559,270000,129
3,170,2550000,2550750,936,1559,2565000,1277
3,171,2565000,2565750,936,1559,2580000,1284
3,172,2580000,2580750,936,1559,2595000,1291
3,173,2595000,2595750,936,1559,2610000,1300
3,174,2610000,2610750,936,1559,2625000,1305
3,175,2625000,2625750,936,1559,2640000,1313
3,176,2640000,2640750,936,1559,2655000,1321
3,177,2655000,2655750,936,1559,2670000,1329
3,178,2670000,2670750,936,1559,2685000,1337
3,179,2685000,2685750,936,1559,2700000,1344
3,18,270000,270750,936,1559,285000,139
3,180,2700000,2700750,936,1559,2715000,1350
3,181,2715000,2715750,936,1559,2730000,1359
3,182,2730000,2730750,936,1559,2745000,1366
3,183,2745000,2745750,936,1559,2760000,1373
3,184,2760000,2760750,936,1559,2775000,1381
3,185,2775000,2775750,936,1559,2790000,1388
3,186,2790000,2790750,936,1559,2805000,1398
3,187,2805000,2805750,936,1559,2820000,1404
3,188,2820000,2820750,936,1559,2835000,1410
3,189,2835000,2835750,936,1559,2850000,1419
3,19,285000,285750,936,1559,300000,145
3,190,2850000,2850750,936,1559,2865000,1425
3,191,2865000,2865750,936,1559,2880000,1434
3,192,2880000,2880750,936,1559,2895000,1441
3,193,2895000,2895750,936,1559,2910000,1449
3,194,2910000,2910750,936,1559,2925000,1456
3,195,2925000,2925750,936,1559,2940000,1463
3,196,2940000,2940750,936,1559,2955000,1471
3,197,2955000,2955750,936,1559,2970000,1479
3,198,2970000,2970750,936,1559,2985000,1486
3,199,2985000,2985750,936,1559,3000000,1492
3,2,30000,30750,936,1559,45000,18
3,20,300000,300750,936,1559,315000,151
3,200,3000000,3000750,936,1559,3015000,1502
3,201,3015000,3015750,936,1559,3030000,1509
3,202,3030000,3030750,936,1559,3045000,1516
3,203,3045000,3045750,936,1559,3060000,1524
3,204,3060000,3060750,936,1559,3075000,1529
3,205,3075000,3075750,936,1559,3090000,1540
3,206,3090000,3090750,936,1559,3105000,1546
3,207,3105000,3105750,936,1559,3120000,1553
3,208,3120000,3120750,936,1559,3135000,1561
3,209,3135000,3135750,936,1559,3150000,1567
3,21,315000,315750,936,1559,330000,161
3,210,3150000,3150750,936,1559,3165000,1577
3,211,3165000,3165750,936,1559,3180000,1584
3,212,3180000,3180750,936,1559,3195000,1590
3,213,3195000,3195750,936,1559,3210000,1599
3,214,3210000,3210750,936,1559,3225000,1606
3,215,3225000,3225750,936,1559,3240000,1613
3,216,3240000,3240750,936,1559,3255000,1621
3,217,3255000,3255750,936,1559,3270000,1628
3,218,3270000,3270750,936,1559,3285000,1636
3,219,3285000,3285750,936,1559,3300000,1644
3,22,330000,330750,936,1559,345000,166
3,220,3300000,3300750,936,1559,3315000,1650
3,221,3315000,3315750,936,1559,3330000,1660
3,222,3330000,3330750,936,1559,3345000,1665
3,223,3345000,3345750,936,1559,3360000,1672
3,224,3360000,3360750,936,1559,3375000,1681
3,225,3375000,3375750,936,1559,3390000,1688
3,226,3390000,3390750,936,1559,3405000,1697
3,227,3405000,3405750,936,1559,3420000,1703
3,228,3420000,3420750,936,1559,3435000,1711
3,229,3435000,3435750,936,1559,3450000,1719
3,23,345000,345750,936,1559,360000,175
3,230,3450000,3450750,936,1559,3465000,1725
3,231,3465000,3465750,936,1559,3480000,1733
3,232,3480000,3480750,936,1559,3495000,1740
3,233,3495000,3495750,936,1559,3510000,1749
3,234,3510000,3510750,936,1559,3525000,1756
3,235,3525000,3525750,936,1559,3540000,1764
3,236,3540000,3540750,936,1559,3555000,1770
3,237,3555000,3555750,936,1559,3570000,1778
3,238,3570000,3570750,936,1559,3585000,1786
3,239,3585000,3585750,936,1559,3600000,1792
3,24,360000,360750,936,1559,375000,182
3,240,3600000,3600750,936,1559,3615000,1801
3,241,3615000,3615750,936,1559,3630000,1808
3,242,3630000,3630750,936,1559,3645000,1817
3,243,3645000,3645750,936,1559,3660000,1824
3,244,3660000,3660750,936,1559,3675000,1829
3,245,3675000,3675750,936,1559,3690000,1839
3,246,3690000,3690750,936,1559,3705000,1845
3,247,3705000,3705750,936,1559,3720000,1853
3,248,3720000,3720750,936,1559,3735000,1861
3,249,3735000,3735750,936,1559,3750000,1868
3,25,375000,375750,936,1559,390000,190
3,250,3750000,3750750,936,1559,3765000,1876
3,251,3765000,3765750,936,1559,3780000,1883
3,252,3780000,3780750,936,1559,3795000,1890
3,253,3795000,3795750,936,1559,3810000,1899
3,254,3810000,3810750,936,1559,3825000,1905
3,255,3825000,3825750,936,1559,3840000,1912
3,256,3840000,3840750,936,1559,3855000,1922
3,257,3855000,3855750,936,1559,3870000,1928
3,258,3870000,3870750,936,1559,3885000,1936
3,259,3885000,3885750,936,1559,3900000,1943
3,26,390000,390750,936,1559,405000,198
3,260,3900000,3900750,936,1559,3915000,1949
3,261,3915000,3915750,936,1559,3930000,1960
3,262,3930000,3930750,936,1559,3945000,1965
3,263,3945000,3945750,936,1559,3960000,1973
3,264,3960000,3960750,936,1559,3975000,1980
3,265,3975000,3975750,936,1559,3990000,1987
3,266,3990000,3990750,936,1559,4005000,1997
3,267,4005000,4005750,936,1559,4020000,2003
3,268,4020000,4020750,936,1559,4035000,2010
3,269,4035000,4035750,936,1559,4050000,2018
3,27,405000,405750,936,1559,420000,204
3,270,4050000,4050750,936,1559,4065000,2026
3,271,4065000,4065750,936,1559,4080000,2033
3,272,4080000,4080750,936,1559,4095000,2040
3,273,4095000,4095750,936,1559,4110000,2048
3,274,4110000,4110750,936,1559,4125000,2055
3,275,4125000,4125750,936,1559,4140000,2064
3,276,4140000,4140750,936,1559,4155000,2070
3,277,4155000,4155750,936,1559,4170000,2079
3,278,4170000,4170750,936,1559,4185000,2085
3,279,4185000,4185750,936,1559,4200000,2091
3,28,420000,420750,936,1559,435000,212
3,29,435000,435750,936,1559,450000,220
3,3,45000,45750,936,1559,60000,25
3,30,450000,450750,936,1559,465000,227
3,31,465000,465750,936,1559,480000,234
3,32,480000,480750,936,1559,495000,243
3,33,495000,495750,936,1559,510000,250
3,34,510000,510750,936,1559,525000,257
3,35,525000,525750,936,1559,540000,265
3,36,540000,540750,936,1559,555000,271
3,37,555000,555750,936,1559,570000,281
3,38,570000,570750,936,1559,585000,287
3,39,585000,585750,936,1559,600000,294
3,4,60000,60750,936,1559,75000,32
3,40,600000,600750,936,1559,615000,302
3,41,615000,615750,936,1559,630000,309
3,42,630000,630750,936,1559,645000,318
3,43,645000,645750,936,1559,660000,325
3,44,660000,660750,936,1559,675000,331
3,45,675000,675750,936,1559,690000,340
3,46,690000,690750,936,1559,705000,348
3,47,705000,705750,936,1559,720000,354
3,48,720000,720750,936,1559,735000,362
3,49,735000,735750,936,1559,750000,369
3,5,75000,75750,936,1559,90000,41
3,50,750000,750750,936,1559,765000,377
3,51,765000,765750,936,1559,780000,386
3,52,780000,780750,936,1559,795000,391
3,53,795000,795750,936,1559,810000,401
3,54,810000,810750,936,1559,825000,406
3,55,825000,825750,936,1559,840000,413
3,56,840000,840750,936,1559,855000,423
3,57,855000,855750,936,1559,870000,429
3,58,870000,870750,936,1559,885000,438
3,59,885000,885750,936,1559,900000,444
3,6,90000,90750,936,1559,105000,47
3,60,900000,900750,936,1559,915000,452
3,61,915000,915750,936,1559,930000,461
3,62,930000,930750,936,1559,945000,466
3,63,945000,945750,936,1559,960000,474
3,64,960000,960750,936,1559,975000,481
3,65,975000,975750,936,1559,990000,490
3,66,990000,990750,936,1559,1005000,498
3,67,1005000,1005750,936,1559,1020000,505
3,68,1020000,1020750,936,1559,1035000,511
3,69,1035000,1035750,936,1559,1050000,519
3,7,105000,105750,936,1559,120000,54
3,70,1050000,1050750,936,1559,1065000,527
3,71,1065000,1065750,936,1559,1080000,534
3,72,1080000,1080750,936,1559,1095000,542
3,73,1095000,1095750,936,1559,1110000,549
3,74,1110000,1110750,936,1559,1125000,558
3,75,1125000,1125750,936,1559,1140000,565
3,76,1140000,1140750,936,1559,1155000,571
3,77,1155000,1155750,936,1559,1170000,580
3,78,1170000,1170750,936,1559,1185000,586
3,79,1185000,1185750,936,1559,1200000,594
3,8,120000,120750,936,1559,135000,62
3,80,1200000,1200750,936,1559,1215000,602
3,81,1215000,1215750,936,1559,1230000,610
3,82,1230000,1230750,936,1559,1245000,617
3,83,1245000,1245750,936,1559,1260000,624
3,84,1260000,1260750,936,1559,1275000,631
3,85,1275000,1275750,936,1559,1290000,640
3,86,1290000,1290750,936,1559,1305000,647
3,87,1305000,1305750,936,1559,1320000,653
3,88,1320000,1320750,936,1559,1335000,663
3,89,1335000,1335750,936,1559,1350000,669
3,9,135000,135750,936,1559,150000,70
3,90,1350000,1350750,936,1559,1365000,677
3,91,1365000,1365750,936,1559,1380000,685
3,92,1380000,1380750,936,1559,1395000,690
3,93,1395000,1395750,936,1559,1410000,701
3,94,1410000,1410750,936,1559,1425000,706
3,95,1425000,1425750,936,1559,1440000,714
3,96,1440000,1440750,936,1559,1455000,722
3,97,1455000,1455750,936,1559,1470000,728
3,98,1470000,1470750,936,1559,1485000,738
3,99,1485000,1485750,936,1559,1500000,744
4,0,0,750,1319,2198,15000,4
4,1,15000,15750,1319,2198,30000,11
4,10,150000,150750,1319,2198,165000,79
4,100,1500000,1500750,1319,2198,1515000,752
4,101,1515000,1515750,1319,2198,1530000,761
4,102,1530000,1530750,1319,2198,1545000,768
4,103,1545000,1545750,1319,2198,1560000,775
4,104,1560000,1560750,1319,2198,1575000,782
4,105,1575000,1575750,1319,2198,1590000,790
4,106,1590000,1590750,1319,2198,1605000,798
4,107,1605000,1605750,1319,2198,1620000,806
4,108,1620000,1620750,1319,2198,1635000,812
4,109,1635000,1635750,1319,2198,1650000,821
4,11,165000,165750,1319,2198,180000,87
4,110,1650000,1650750,1319,2198,1665000,827
4,111,1665000,1665750,1319,2198,1680000,834
4,112,1680000,1680750,1319,2198,1695000,843
4,113,1695000,1695750,1319,2198,1710000,850
4,114,1710000,1710750,1319,2198,1725000,858
4,115,1725000,1725750,1319,2198,1740000,865
4,116,1740000,1740750,1319,2198,1755000,873
4,117,1755000,1755750,1319,2198,1770000,881
4,118,1770000,1770750,1319,2198,1785000,887
4,119,1785000,1785750,1319,2198,1800000,894
4,12,180000,180750,1319,2198,195000,92
4,120,1800000,1800750,1319,2198,1815000,902
4,121,1815000,1815750,1319,2198,1830000,911
4,122,1830000,1830750,1319,2198,1845000,918
4,123,1845000,1845750,1319,2198,1860000,926
4,124,1860000,1860750,1319,2198,1875000,931
4,125,1875000,1875750,1319,2198,1890000,940
4,126,1890000,1890750,1319,2198,1905000,948
4,127,1905000,1905750,1319,2198,1920000,954
4,128,1920000,1920750,1319,2198,1935000,963
4,129,1935000,1935750,1319,2198,1950000,969
4,13,195000,195750,1319,2198,210000,101
4,130,1950000,1950750,1319,2198,1965000,979
4,131,1965000,1965750,1319,2198,1980000,986
4,132,1980000,1980750,1319,2198,1995000,991
4,133,1995000,1995750,1319,2198,2010000,1001
4,134,2010000,2010750,1319,2198,2025000,1006
4,135,2025000,2025750,1319,2198,2040000,1015
4,136,2040000,2040750,1319,2198,2055000,1023
4,137,2055000,2055750,1319,2198,2070000,1030
4,138,2070000,2070750,1319,2198,2085000,1038
4,139,2085000,2085750,1319,2198,2100000,1044
4,14,210000,210750,1319,2198,225000,108
4,140,2100000,2100750,1319,2198,2115000,1052
4,141,2115000,2115750,1319,2198,2130000,1061
4,142,2130000,2130750,1319,2198,2145000,1067
4,143,2145000,2145750,1319,2198,2160000,1074
4,144,2160000,2160750,1319,2198,2175000,1083
4,145,2175000,2175750,1319,2198,2190000,1090
4,146,2190000,2190750,1319,2198,2205000,1098
4,147,2205000,2205750,1319,2198,2220000,1105
4,148,2220000,2220750,1319,2198,2235000,1111
4,149,2235000,2235750,1319,2198,2250000,1121
4,15,225000,225750,1319,2198,240000,115
4,150,2250000,2250750,1319,2198,2265000,1127
4,151,2265000,2265750,1319,2198,2280000,1135
4,152,2280000,2280750,1319,2198,2295000,1142
4,153,2295000,2295750,1319,2198,2310000,1149
4,154,2310000,2310750,1319,2198,2325000,1158
4,155,2325000,2325750,1319,2198,2340000,1165
4,156,2340000,2340750,1319,2198,2355000,1172
4,157,2355000,2355750,1319,2198,2370000,1180
4,158,2370000,2370750,1319,2198,2385000,1188
4,159,2385000,2385750,1319,2198,2400000,1194
4,16,240000,240750,1319,2198,255000,124
4,160,2400000,2400750,1319,2198,2415000,1202
4,161,2415000,2415750,1319,2198,2430000,1210
4,162,2430000,2430750,1319,2198,2445000,1217
4,163,2445000,2445750,1319,2198,2460000,1226
4,164,2460000,2460750,1319,2198,2475000,1231
4,165,2475000,2475750,1319,2198,2490000,1241
4,166,2490000,2490750,1319,2198,2505000,1247
4,167,2505000,2505750,1319,2198,2520000,1253
4,168,2520000,2520750,1319,2198,2535000,1263
4,169,2535000,2535750,1319,2198,2550000,1269
4,17,255000,255750,1319,2198,270000,130
4,170,2550000,2550750,1319,2198,2565000,1278
4,171,2565000,2565750,1319,2198,2580000,1285
4,172,2580000,2580750,1319,2198,2595000,1292
4,173,2595000,2595750,1319,2198,2610000,1301
4,174,2610000,2610750,1319,2198,2625000,1306
4,175,2625000,2625750,1319,2198,2640000,1314
4,176,2640000,2640750,1319,2198,2655000,1322
4,177,2655000,2655750,1319,2198,2670000,1330
4,178,2670000,2670750,1319,2198,2685000,1338
4,179,2685000,2685750,1319,2198,2700000,1345
4,18,270000,270750,1319,2198,285000,140
4,180,2700000,2700750,1319,2198,2715000,1351
4,181,2715000,2715750,1319,2198,2730000,1360
4,182,2730000,2730750,1319,2198,2745000,1367
4,183,2745000,2745750,1319,2198,2760000,1374
4,184,2760000,2760750,1319,2198,2775000,1382
4,185,2775000,2775750,1319,2198,2790000,1389
4,186,2790000,2790750,1319,2198,2805000,1399
4,187,2805000,2805750,1319,2198,2820000,1405
4,188,2820000,2820750,1319,2198,2835000,1411
4,189,2835000,2835750,1319,2198,2850000,1420
4,19,285000,285750,1319,2198,300000,146
4,190,2850000,2850750,1319,2198,2865000,1426
4,191,2865000,2865750,1319,2198,2880000,1435
4,192,2880000,2880750,1319,2198,2895000,1442
4,193,2895000,2895750,1319,2198,2910000,1450
4,194,2910000,2910750,1319,2198,2925000,1457
4,195,2925000,2925750,1319,2198,2940000,1464
4,196,2940000,2940750,1319,2198,2955000,1472
4,197,2955000,2955750,1319,2198,2970000,1480
4,198,2970000,2970750,1319,2198,2985000,1487
4,199,2985000,2985750,1319,2198,3000000,1493
4,2,30000,30750,1319,2198,45000,19
4,20,300000,300750,1319,2198,315000,152
4,200,3000000,3000750,1319,2198,3015000,1503
4,201,3015000,3015750,1319,2198,3030000,1510
4,202,3030000,3030750,1319,2198,3045000,1517
4,203,3045000,3045750,1319,2198,3060000,1525
4,204,3060000,3060750,1319,2198,3075000,1530
4,205,3075000,3075750,1319,2198,3090000,1541
4,206,3090000,3090750,1319,2198,3105000,1547
4,207,3105000,3105750,1319,2198,3120000,1554
4,208,3120000,3120750,1319,2198,3135000,1562
4,209,3135000,3135750,1319,2198,3150000,1568
4,21,315000,315750,1319,2198,330000,162
4,210,3150000,3150750,1319,2198,3165000,1578
4,211,3165000,3165750,1319,2198,3180000,1585
4,212,3180000,3180750,1319,2198,3195000,1591
4,213,3195000,3195750,1319,2198,3210000,1600
4,214,3210000,3210750,1319,2198,3225000,1607
4,215,3225000,3225750,1319,2198,3240000,1614
4,216,3240000,3240750,1319,2198,3255000,1622
4,217,3255000,3255750,1319,2198,3270000,1629
4,218,3270000,3270750,1319,2198,3285000,1637
4,219,3285000,3285750,1319,2198,3300000,1645
4,22,330000,330750,1319,2198,345000,167
4,220,3300000,3300750,1319,2198,3315000,1651
4,221,3315000,3315750,1319,2198,3330000,1661
4,222,3330000,3330750,1319,2198,3345000,1666
4,223,3345000,3345750,1319,2198,3360000,1673
4,224,3360000,3360750,1319,2198,3375000,1682
4,225,3375000,3375750,1319,2198,3390000,1689
4,226,3390000,3390750,1319,2198,3405000,1698
4,227,3405000,3405750,1319,2198,3420000,1704
4,228,3420000,3420750,1319,2198,3435000,1712
4,229,3435000,3435750,1319,2198,3450000,1720
4,23,345000,345750,1319,2198,360000,176
4,230,3450000,3450750,1319,2198,3465000,1726
4,231,3465000,3465750,1319,2198,3480000,1734
4,232,3480000,3480750,1319,2198,3495000,1741
4,233,3495000,3495750,1319,2198,3510000,1750
4,234,3510000,3510750,1319,2198,3525000,1757
4,235,3525000,3525750,1319,2198,3540000,1765
4,236,3540000,3540750,1319,2198,3555000,1771
4,237,3555000,3555750,1319,2198,3570000,1779
4,238,3570000,3570750,1319,2198,3585000,1787
4,239,3585000,3585750,1319,2198,3600000,1793
4,24,360000,360750,1319,2198,375000,183
4,240,3600000,3600750,1319,2198,3615000,1802
4,241,3615000,3615750,1319,2198,3630000,1809
4,242,3630000,3630750,1319,2198,3645000,1818
4,243,3645000,3645750,1319,2198,3660000,1825
4,244,3660000,3660750,1319,2198,3675000,1830
4,245,3675000,3675750,1319,2198,3690000,1840
4,246,3690000,3690750,1319,2198,3705000,1846
4,247,3705000,3705750,1319,2198,3720000,1854
4,248,3720000,3720750,1319,2198,3735000,1862
4,249,3735000,3735750,1319,2198,3750000,1869
4,25,375000,375750,1319,2198,390000,191
4,250,3750000,3750750,1319,2198,3765000,1877
4,251,3765000,3765750,1319,2198,3780000,1884
4,252,3780000,3780750,1319,2198,3795000,1891
4,253,3795000,3795750,1319,2198,3810000,1900
4,254,3810000,3810750,1319,2198,3825000,1906
4,255,3825000,3825750,1319,2198,3840000,1913
4,256,3840000,3840750,1319,2198,3855000,1923
4,257,3855000,3855750,1319,2198,3870000,1929
4,258,3870000,3870750,1319,2198,3885000,1937
4,259,3885000,3885750,1319,2198,3900000,1944
4,26,390000,390750,1319,2198,405000,199
4,260,3900000,3900750,1319,2198,3915000,1950
4,261,3915000,3915750,1319,2198,3930000,1961
4,262,3930000,3930750,1319,2198,3945000,1966
4,263,3945000,3945750,1319,2198,3960000,1974
4,264,3960000,3960750,1319,2198,3975000,1981
4,265,3975000,3975750,1319,2198,3990000,1988
4,266,3990000,3990750,1319,2198,4005000,1998
4,267,4005000,4005750,1319,2198,4020000,2004
4,268,4020000,4020750,1319,2198,4035000,2011
4,269,4035000,4035750,1319,2198,4050000,2019
4,27,405000,405750,1319,2198,420000,205
4,270,4050000,4050750,1319,2198,4065000,2027
4,271,4065000,4065750,1319,2198,4080000,2034
4,272,4080000,4080750,1319,2198,4095000,2041
4,273,4095000,4095750,1319,2198,4110000,2049
4,274,4110000,4110750,1319,2198,4125000,2056
4,275,4125000,4125750,1319,2198,4140000,2065
4,276,4140000,4140750,1319,2198,4155000,2071
4,277,4155000,4155750,1319,2198,4170000,2080
4,278,4170000,4170750,1319,2198,4185000,2086
4,279,4185000,4185750,1319,2198,4200000,2092
4,28,420000,420750,1319,2198,435000,213
4,29,435000,435750,1319,2198,450000,221
4,3,45000,45750,1319,2198,60000,26
4,30,450000,450750,1319,2198,465000,228
4,31,465000,465750,1319,2198,480000,235
4,32,480000,480750,1319,2198,495000,244
4,33,495000,495750,1319,2198,510000,251
4,34,510000,510750,1319,2198,525000,258
4,35,525000,525750,1319,2198,540000,266
4,36,540000,540750,1319,2198,555000,272
4,37,555000,555750,1319,2198,570000,282
4,38,570000,570750,1319,2198,585000,288
4,39,585000,585750,1319,2198,600000,295
4,4,60000,60750,1319,2198,75000,33
4,40,600000,600750,1319,2198,615000,303
4,41,615000,615750,1319,2198,630000,310
4,42,630000,630750,1319,2198,645000,319
4,43,645000,645750,1319,2198,660000,326
4,44,660000,660750,1319,2198,675000,332
4,45,675000,675750,1319,2198,690000,341
4,46,690000,690750,1319,2198,705000,349
4,47,705000,705750,1319,2198,720000,355
4,48,720000,720750,1319,2198,735000,363
4,49,735000,735750,1319,2198,750000,370
4,5,75000,75750,1319,2198,90000,42
4,50,750000,750750,1319,2198,765000,378
4,51,765000,765750,1319,2198,780000,387
4,52,780000,780750,1319,2198,795000,392
4,53,795000,795750,1319,2198,810000,402
4,54,810000,810750,1319,2198,825000,407
4,55,825000,825750,1319,2198,840000,414
4,56,840000,840750,1319,2198,855000,424
4,57,855000,855750,1319,2198,870000,430
4,58,870000,870750,1319,2198,885000,439
4,59,885000,885750,1319,2198,900000,445
4,6,90000,90750,1319,2198,105000,48
4,60,900000,900750,1319,2198,915000,453
4,61,915000,915750,1319,2198,930000,462
4,62,930000,930750,1319,2198,945000,467
4,63,945000,945750,1319,2198,960000,475
4,64,960000,960750,1319,2198,975000,482
4,65,975000,975750,1319,2198,990000,491
4,66,990000,990750,1319,2198,1005000,499
4,67,1005000,1005750,1319,2198,1020000,506
4,68,1020000,1020750,1319,2198,1035000,512
4,69,1035000,1035750,1319,2198,1050000,520
4,7,105000,105750,1319,2198,120000,55
4,70,1050000,1050750,1319,2198,1065000,528
4,71,1065000,1065750,1319,2198,1080000,535
4,72,1080000,1080750,1319,2198,1095000,543
4,73,1095000,1095750,1319,2198,1110000,550
4,74,1110000,1110750,1319,2198,1125000,559
4,75,1125000,1125750,1319,2198,1140000,566
4,76,1140000,1140750,1319,2198,1155000,572
4,77,1155000,1155750,1319,2198,1170000,581
4,78,1170000,1170750,1319,2198,1185000,587
4,79,1185000,1185750,1319,2198,1200000,595
4,8,120000,120750,1319,2198,135000,63
4,80,1200000,1200750,1319,2198,1215000,603
4,81,1215000,1215750,1319,2198,1230000,611
4,82,1230000,1230750,1319,2198,1245000,618
4,83,1245000,1245750,1319,2198,1260000,625
4,84,1260000,1260750,1319,2198,1275000,632
4,85,1275000,1275750,1319,2198,1290000,641
4,86,1290000,1290750,1319,2198,1305000,648
4,87,1305000,1305750,1319,2198,1320000,654
4,88,1320000,1320750,1319,2198,1335000,664
4,89,1335000,1335750,1319,2198,1350000,670
4,9,135000,135750,1319,2198,150000,71
4,90,1350000,1350750,1319,2198,1365000,678
4,91,1365000,1365750,1319,2198,1380000,686
4,92,1380000,1380750,1319,2198,1395000,691
4,93,1395000,1395750,1319,2198,1410000,702
4,94,1410000,1410750,1319,2198,1425000,707
4,95,1425000,1425750,1319,2198,1440000,715
4,96,1440000,1440750,1319,2198,1455000,723
4,97,1455000,1455750,1319,2198,1470000,729
4,98,1470000,1470750,1319,2198,1485000,739
4,99,1485000,1485750,1319,2198,1500000,745
5,0,0,1250,1175,1957,25000,6
5,1,25000,26250,1175,1957,50000,21
5,10,250000,251250,1175,1957,275000,131
5,100,2500000,2501250,1175,1957,2525000,1258
5,101,2525000,2526250,1175,1957,2550000,1270
5,102,2550000,2551250,1175,1957,2575000,1280
5,103,2575000,2576250,1175,1957,2600000,1294
5,104,2600000,2601250,1175,1957,2625000,1307
5,105,2625000,2626250,1175,1957,2650000,1318
5,106,2650000,2651250,1175,1957,2675000,1331
5,107,2675000,2676250,1175,1957,2700000,1346
5,108,2700000,2701250,1175,1957,2725000,1355
5,109,2725000,2726250,1175,1957,2750000,1369
5,11,275000,276250,1175,1957,300000,147
5,110,2750000,2751250,1175,1957,2775000,1383
5,111,2775000,2776250,1175,1957,2800000,1391
5,112,2800000,2801250,1175,1957,2825000,1406
5,113,2825000,2826250,1175,1957,2850000,1421
5,114,2850000,2851250,1175,1957,2875000,1430
5,115,2875000,2876250,1175,1957,2900000,1444
5,116,2900000,2901250,1175,1957,2925000,1458
5,117,2925000,2926250,1175,1957,2950000,1468
5,118,2950000,2951250,1175,1957,2975000,1481
5,119,2975000,2976250,1175,1957,3000000,1494
5,12,300000,301250,1175,1957,325000,157
5,120,3000000,3001250,1175,1957,3025000,1505
5,121,3025000,3026250,1175,1957,3050000,1520
5,122,3050000,3051250,1175,1957,3075000,1531
5,123,3075000,3076250,1175,1957,3100000,1543
5,124,3100000,3101250,1175,1957,3125000,1557
5,125,3125000,3126250,1175,1957,3150000,1569
5,126,3150000,3151250,1175,1957,3175000,1580
5,127,3175000,3176250,1175,1957,3200000,1593
5,128,3200000,3201250,1175,1957,3225000,1608
5,129,3225000,3226250,1175,1957,3250000,1618
5,13,325000,326250,1175,1957,350000,169
5,130,3250000,3251250,1175,1957,3275000,1630
5,131,3275000,3276250,1175,1957,3300000,1646
5,132,3300000,3301250,1175,1957,3325000,1655
5,133,3325000,3326250,1175,1957,3350000,1668
5,134,3350000,3351250,1175,1957,3375000,1683
5,135,3375000,3376250,1175,1957,3400000,1692
5,136,3400000,3401250,1175,1957,3425000,1705
5,137,3425000,3426250,1175,1957,3450000,1721
5,138,3450000,3451250,1175,1957,3475000,1729
5,139,3475000,3476250,1175,1957,3500000,1743
5,14,350000,351250,1175,1957,375000,184
5,140,3500000,3501250,1175,1957,3525000,1758
5,141,3525000,3526250,1175,1957,3550000,1767
5,142,3550000,3551250,1175,1957,3575000,1782
5,143,3575000,3576250,1175,1957,3600000,1794
5,144,3600000,3601250,1175,1957,3625000,1804
5,145,3625000,3626250,1175,1957,3650000,1820
5,146,3650000,3651250,1175,1957,3675000,1831
5,147,3675000,3676250,1175,1957,3700000,1842
5,148,3700000,3701250,1175,1957,3725000,1857
5,149,3725000,3726250,1175,1957,3750000,1870
5,15,375000,376250,1175,1957,400000,193
5,150,3750000,3751250,1175,1957,3775000,1879
5,151,3775000,3776250,1175,1957,3800000,1893
5,152,3800000,3801250,1175,1957,3825000,1907
5,153,3825000,3826250,1175,1957,3850000,1917
5,154,3850000,3851250,1175,1957,3875000,1930
5,155,3875000,3876250,1175,1957,3900000,1945
5,156,3900000,3901250,1175,1957,3925000,1956
5,157,3925000,3926250,1175,1957,3950000,1968
5,158,3950000,3951250,1175,1957,3975000,1982
5,159,3975000,3976250,1175,1957,4000000,1992
5,16,400000,401250,1175,1957,425000,208
5,160,4000000,4001250,1175,1957,4025000,2005
5,161,4025000,4026250,1175,1957,4050000,2020
5,162,4050000,4051250,1175,1957,4075000,2029
5,163,4075000,4076250,1175,1957,4100000,2044
5,164,4100000,4101250,1175,1957,4125000,2057
5,165,4125000,4126250,1175,1957,4150000,2067
5,166,4150000,4151250,1175,1957,4175000,2081
5,167,4175000,4176250,1175,1957,4200000,2093
5,17,425000,426250,1175,1957,450000,222
5,18,450000,451250,1175,1957,475000,230
5,19,475000,476250,1175,1957,500000,246
5,2,50000,51250,1175,1957,75000,34
5,20,500000,501250,1175,1957,525000,259
5,21,525000,526250,1175,1957,550000,268
5,22,550000,551250,1175,1957,575000,283
5,23,575000,576250,1175,1957,600000,296
5,24,600000,601250,1175,1957,625000,305
5,25,625000,626250,1175,1957,650000,321
5,26,650000,651250,1175,1957,675000,333
5,27,675000,676250,1175,1957,700000,343
5,28,700000,701250,1175,1957,725000,358
5,29,725000,726250,1175,1957,750000,371
5,3,75000,76250,1175,1957,100000,44
5,30,750000,751250,1175,1957,775000,382
5,31,775000,776250,1175,1957,800000,394
5,32,800000,801250,1175,1957,825000,408
5,33,825000,826250,1175,1957,850000,420
5,34,850000,851250,1175,1957,875000,431
5,35,875000,876250,1175,1957,900000,446
5,36,900000,901250,1175,1957,925000,457
5,37,925000,926250,1175,1957,950000,470
5,38,950000,951250,1175,1957,975000,483
5,39,975000,976250,1175,1957,1000000,493
5,4,100000,101250,1175,1957,125000,58
5,40,1000000,1001250,1175,1957,1025000,507
5,41,1025000,1026250,1175,1957,1050000,521
5,42,1050000,1051250,1175,1957,1075000,530
5,43,1075000,1076250,1175,1957,1100000,545
5,44,1100000,1101250,1175,1957,1125000,560
5,45,1125000,1126250,1175,1957,1150000,568
5,46,1150000,1151250,1175,1957,1175000,582
5,47,1175000,1176250,1175,1957,1200000,596
5,48,1200000,1201250,1175,1957,1225000,605
5,49,1225000,1226250,1175,1957,1250000,620
5,5,125000,126250,1175,1957,150000,72
5,50,1250000,1251250,1175,1957,1275000,633
5,51,1275000,1276250,1175,1957,1300000,644
5,52,1300000,1301250,1175,1957,1325000,657
5,53,1325000,1326250,1175,1957,1350000,671
5,54,1350000,1351250,1175,1957,1375000,681
5,55,1375000,1376250,1175,1957,1400000,693
5,56,1400000,1401250,1175,1957,1425000,708
5,57,1425000,1426250,1175,1957,1450000,719
5,58,1450000,1451250,1175,1957,1475000,732
5,59,1475000,1476250,1175,1957,1500000,746
5,6,150000,151250,1175,1957,175000,81
5,60,1500000,1501250,1175,1957,1525000,756
5,61,1525000,1526250,1175,1957,1550000,770
5,62,1550000,1551250,1175,1957,1575000,783
5,63,1575000,1576250,1175,1957,1600000,792
5,64,1600000,1601250,1175,1957,1625000,807
5,65,1625000,1626250,1175,1957,1650000,822
5,66,1650000,1651250,1175,1957,1675000,829
5,67,1675000,1676250,1175,1957,1700000,845
5,68,1700000,1701250,1175,1957,1725000,859
5,69,1725000,1726250,1175,1957,1750000,867
5,7,175000,176250,1175,1957,200000,94
5,70,1750000,1751250,1175,1957,1775000,882
5,71,1775000,1776250,1175,1957,1800000,895
5,72,1800000,1801250,1175,1957,1825000,906
5,73,1825000,1826250,1175,1957,1850000,920
5,74,1850000,1851250,1175,1957,1875000,932
5,75,1875000,1876250,1175,1957,1900000,944
5,76,1900000,1901250,1175,1957,1925000,957
5,77,1925000,1926250,1175,1957,1950000,970
5,78,1950000,1951250,1175,1957,1975000,981
5,79,1975000,1976250,1175,1957,2000000,994
5,8,200000,201250,1175,1957,225000,109
5,80,2000000,2001250,1175,1957,2025000,1007
5,81,2025000,2026250,1175,1957,2050000,1019
5,82,2050000,2051250,1175,1957,2075000,1031
5,83,2075000,2076250,1175,1957,2100000,1045
5,84,2100000,2101250,1175,1957,2125000,1056
5,85,2125000,2126250,1175,1957,2150000,1069
5,86,2150000,2151250,1175,1957,2175000,1084
5,87,2175000,2176250,1175,1957,2200000,1092
5,88,2200000,2201250,1175,1957,2225000,1106
5,89,2225000,2226250,1175,1957,2250000,1122
5,9,225000,226250,1175,1957,250000,120
5,90,2250000,2251250,1175,1957,2275000,1129
5,91,2275000,2276250,1175,1957,2300000,1144
5,92,2300000,2301250,1175,1957,2325000,1159
5,93,2325000,2326250,1175,1957,2350000,1168
5,94,2350000,2351250,1175,1957,2375000,1181
5,95,2375000,2376250,1175,1957,2400000,1195
5,96,2400000,2401250,1175,1957,2425000,1205
5,97,2425000,2426250,1175,1957,2450000,1219
5,98,2450000,2451250,1175,1957,2475000,1232
5,99,2475000,2476250,1175,1957,2500000,1243
6,0,0,1750,630,1049,35000,12
6,1,35000,36750,630,1049,70000,28
6,10,350000,351750,630,1049,385000,186
6,100,3500000,3501750,630,1049,3535000,1760
6,101,3535000,3536750,630,1049,3570000,1780
6,102,3570000,3571750,630,1049,3605000,1797
6,103,3605000,3606750,630,1049,3640000,1811
6,104,3640000,3641750,630,1049,3675000,1832
6,105,3675000,3676750,630,1049,3710000,1848
6,106,3710000,3711750,630,1049,3745000,1864
6,107,3745000,3746750,630,1049,3780000,1885
6,108,3780000,3781750,630,1049,3815000,1901
6,109,3815000,3816750,630,1049,3850000,1918
6,11,385000,386750,630,1049,420000,206
6,110,3850000,3851750,630,1049,3885000,1938
6,111,3885000,3886750,630,1049,3920000,1952
6,112,3920000,3921750,630,1049,3955000,1969
6,113,3955000,3956750,630,1049,3990000,1989
6,114,3990000,3991750,630,1049,4025000,2006
6,115,4025000,4026750,630,1049,4060000,2022
6,116,4060000,4061750,630,1049,4095000,2042
6,117,4095000,4096750,630,1049,4130000,2059
6,118,4130000,4131750,630,1049,4165000,2075
6,119,4165000,4166750,630,1049,4200000,2094
6,12,420000,421750,630,1049,455000,223
6,13,455000,456750,630,1049,490000,239
6,14,490000,491750,630,1049,525000,260
6,15,525000,526750,630,1049,560000,274
6,16,560000,561750,630,1049,595000,290
6,17,595000,596750,630,1049,630000,311
6,18,630000,631750,630,1049,665000,327
6,19,665000,666750,630,1049,700000,344
6,2,70000,71750,630,1049,105000,49
6,20,700000,701750,630,1049,735000,364
6,21,735000,736750,630,1049,770000,380
6,22,770000,771750,630,1049,805000,397
6,23,805000,806750,630,1049,840000,415
6,24,840000,841750,630,1049,875000,432
6,25,875000,876750,630,1049,910000,448
6,26,910000,911750,630,1049,945000,468
6,27,945000,946750,630,1049,980000,485
6,28,980000,981750,630,1049,1015000,501
6,29,1015000,1016750,630,1049,1050000,522
6,3,105000,106750,630,1049,140000,65
6,30,1050000,1051750,630,1049,1085000,538
6,31,1085000,1086750,630,1049,1120000,552
6,32,1120000,1121750,630,1049,1155000,573
6,33,1155000,1156750,630,1049,1190000,589
6,34,1190000,1191750,630,1049,1225000,606
6,35,1225000,1226750,630,1049,1260000,626
6,36,1260000,1261750,630,1049,1295000,642
6,37,1295000,1296750,630,1049,1330000,659
6,38,1330000,1331750,630,1049,1365000,679
6,39,1365000,1366750,630,1049,1400000,694
6,4,140000,141750,630,1049,175000,82
6,40,1400000,1401750,630,1049,1435000,710
6,41,1435000,1436750,630,1049,1470000,730
6,42,1470000,1471750,630,1049,1505000,747
6,43,1505000,1506750,630,1049,1540000,763
6,44,1540000,1541750,630,1049,1575000,784
6,45,1575000,1576750,630,1049,1610000,800
6,46,1610000,1611750,630,1049,1645000,816
6,47,1645000,1646750,630,1049,1680000,835
6,48,1680000,1681750,630,1049,1715000,851
6,49,1715000,1716750,630,1049,1750000,868
6,5,175000,176750,630,1049,210000,102
6,50,1750000,1751750,630,1049,1785000,888
6,51,1785000,1786750,630,1049,1820000,904
6,52,1820000,1821750,630,1049,1855000,921
6,53,1855000,1856750,630,1049,1890000,941
6,54,1890000,1891750,630,1049,1925000,958
6,55,1925000,1926750,630,1049,1960000,972
6,56,1960000,1961750,630,1049,1995000,992
6,57,1995000,1996750,630,1049,2030000,1009
6,58,2030000,2031750,630,1049,2065000,1025
6,59,2065000,2066750,630,1049,2100000,1046
6,6,210000,211750,630,1049,245000,118
6,60,2100000,2101750,630,1049,2135000,1062
6,61,2135000,2136750,630,1049,2170000,1078
6,62,2170000,2171750,630,1049,2205000,1099
6,63,2205000,2206750,630,1049,2240000,1113
6,64,2240000,2241750,630,1049,2275000,1130
6,65,2275000,2276750,630,1049,2310000,1150
6,66,2310000,2311750,630,1049,2345000,1166
6,67,2345000,2346750,630,1049,2380000,1183
6,68,2380000,2381750,630,1049,2415000,1203
6,69,2415000,2416750,630,1049,2450000,1220
6,7,245000,246750,630,1049,280000,133
6,70,2450000,2451750,630,1049,2485000,1236
6,71,2485000,2486750,630,1049,2520000,1254
6,72,2520000,2521750,630,1049,2555000,1271
6,73,2555000,2556750,630,1049,2590000,1287
6,74,2590000,2591750,630,1049,2625000,1308
6,75,2625000,2626750,630,1049,2660000,1324
6,76,2660000,2661750,630,1049,2695000,1340
6,77,2695000,2696750,630,1049,2730000,1361
6,78,2730000,2731750,630,1049,2765000,1377
6,79,2765000,2766750,630,1049,2800000,1392
6,8,280000,281750,630,1049,315000,153
6,80,2800000,2801750,630,1049,2835000,1412
6,81,2835000,2836750,630,1049,2870000,1428
6,82,2870000,2871750,630,1049,2905000,1445
6,83,2905000,2906750,630,1049,2940000,1465
6,84,2940000,2941750,630,1049,2975000,1482
6,85,2975000,2976750,630,1049,3010000,1498
6,86,3010000,3011750,630,1049,3045000,1518
6,87,3045000,3046750,630,1049,3080000,1533
6,88,3080000,3081750,630,1049,3115000,1549
6,89,3115000,3116750,630,1049,3150000,1570
6,9,315000,316750,630,1049,350000,170
6,90,3150000,3151750,630,1049,3185000,1586
6,91,3185000,3186750,630,1049,3220000,1602
6,92,3220000,3221750,630,1049,3255000,1623
6,93,3255000,3256750,630,1049,3290000,1639
6,94,3290000,3291750,630,1049,3325000,1656
6,95,3325000,3326750,630,1049,3360000,1674
6,96,3360000,3361750,630,1049,3395000,1690
6,97,3395000,3396750,630,1049,3430000,1707
6,98,3430000,3431750,630,1049,3465000,1727
6,99,3465000,3466750,630,1049,3500000,1744
7,0,0,2000,3974,6623,40000,14
7,1,40000,42000,3974,6623,80000,36
7,10,400000,402000,3974,6623,440000,215
7,100,4000000,4002000,3974,6623,4040000,2013
7,101,4040000,4042000,3974,6623,4080000,2035
7,102,4080000,4082000,3974,6623,4120000,2051
7,103,4120000,4122000,3974,6623,4160000,2073
7,104,4160000,4162000,3974,6623,4200000,2095
7,11,440000,442000,3974,6623,480000,236
7,12,480000,482000,3974,6623,520000,253
7,13,520000,522000,3974,6623,560000,275
7,14,560000,562000,3974,6623,600000,297
7,15,600000,602000,3974,6623,640000,314
7,16,640000,642000,3974,6623,680000,335
7,17,680000,682000,3974,6623,720000,356
7,18,720000,722000,3974,6623,760000,373
7,19,760000,762000,3974,6623,800000,395
7,2,80000,82000,3974,6623,120000,56
7,20,800000,802000,3974,6623,840000,416
7,21,840000,842000,3974,6623,880000,434
7,22,880000,882000,3974,6623,920000,455
7,23,920000,922000,3974,6623,960000,476
7,24,960000,962000,3974,6623,1000000,494
7,25,1000000,1002000,3974,6623,1040000,514
7,26,1040000,1042000,3974,6623,1080000,536
7,27,1080000,1082000,3974,6623,1120000,553
7,28,1120000,1122000,3974,6623,1160000,575
7,29,1160000,1162000,3974,6623,1200000,597
7,3,120000,122000,3974,6623,160000,74
7,30,1200000,1202000,3974,6623,1240000,613
7,31,1240000,1242000,3974,6623,1280000,635
7,32,1280000,1282000,3974,6623,1320000,655
7,33,1320000,1322000,3974,6623,1360000,673
7,34,1360000,1362000,3974,6623,1400000,695
7,35,1400000,1402000,3974,6623,1440000,716
7,36,1440000,1442000,3974,6623,1480000,734
7,37,1480000,1482000,3974,6623,1520000,754
7,38,1520000,1522000,3974,6623,1560000,776
7,39,1560000,1562000,3974,6623,1600000,793
7,4,160000,162000,3974,6623,200000,95
7,40,1600000,1602000,3974,6623,1640000,814
7,41,1640000,1642000,3974,6623,1680000,836
7,42,1680000,1682000,3974,6623,1720000,853
7,43,1720000,1722000,3974,6623,1760000,875
7,44,1760000,1762000,3974,6623,1800000,896
7,45,1800000,1802000,3974,6623,1840000,913
7,46,1840000,1842000,3974,6623,1880000,934
7,47,1880000,1882000,3974,6623,1920000,955
7,48,1920000,1922000,3974,6623,1960000,973
7,49,1960000,1962000,3974,6623,2000000,995
7,5,200000,202000,3974,6623,240000,116
7,50,2000000,2002000,3974,6623,2040000,1016
7,51,2040000,2042000,3974,6623,2080000,1033
7,52,2080000,2082000,3974,6623,2120000,1054
7,53,2120000,2122000,3974,6623,2160000,1075
7,54,2160000,2162000,3974,6623,2200000,1093
7,55,2200000,2202000,3974,6623,2240000,1114
7,56,2240000,2242000,3974,6623,2280000,1136
7,57,2280000,2282000,3974,6623,2320000,1153
7,58,2320000,2322000,3974,6623,2360000,1174
7,59,2360000,2362000,3974,6623,2400000,1196
7,6,240000,242000,3974,6623,280000,134
7,60,2400000,2402000,3974,6623,2440000,1212
7,61,2440000,2442000,3974,6623,2480000,1234
7,62,2480000,2482000,3974,6623,2520000,1255
7,63,2520000,2522000,3974,6623,2560000,1273
7,64,2560000,2562000,3974,6623,2600000,1295
7,65,2600000,2602000,3974,6623,2640000,1315
7,66,2640000,2642000,3974,6623,2680000,1333
7,67,2680000,2682000,3974,6623,2720000,1353
7,68,2720000,2722000,3974,6623,2760000,1375
7,69,2760000,2762000,3974,6623,2800000,1393
7,7,280000,282000,3974,6623,320000,155
7,70,2800000,2802000,3974,6623,2840000,1414
7,71,2840000,2842000,3974,6623,2880000,1436
7,72,2880000,2882000,3974,6623,2920000,1452
7,73,2920000,2922000,3974,6623,2960000,1474
7,74,2960000,2962000,3974,6623,3000000,1495
7,75,3000000,3002000,3974,6623,3040000,1512
7,76,3040000,3042000,3974,6623,3080000,1534
7,77,3080000,3082000,3974,6623,3120000,1555
7,78,3120000,3122000,3974,6623,3160000,1573
7,79,3160000,3162000,3974,6623,3200000,1594
7,8,320000,322000,3974,6623,360000,177
7,80,3200000,3202000,3974,6623,3240000,1615
7,81,3240000,3242000,3974,6623,3280000,1632
7,82,3280000,3282000,3974,6623,3320000,1653
7,83,3320000,3322000,3974,6623,3360000,1675
7,84,3360000,3362000,3974,6623,3400000,1693
7,85,3400000,3402000,3974,6623,3440000,1714
7,86,3440000,3442000,3974,6623,3480000,1735
7,87,3480000,3482000,3974,6623,3520000,1752
7,88,3520000,3522000,3974,6623,3560000,1773
7,89,3560000,3562000,3974,6623,3600000,1795
7,9,360000,362000,3974,6623,400000,194
7,90,3600000,3602000,3974,6623,3640000,1812
7,91,3640000,3642000,3974,6623,3680000,1834
7,92,3680000,3682000,3974,6623,3720000,1855
7,93,3720000,3722000,3974,6623,3760000,1872
7,94,3760000,3762000,3974,6623,3800000,1894
7,95,3800000,3802000,3974,6623,3840000,1914
7,96,3840000,3842000,3974,6623,3880000,1932
7,97,3880000,3882000,3974,6623,3920000,1953
7,98,3920000,3922000,3974,6623,3960000,1975
7,99,3960000,3962000,3974,6623,4000000,1993
8,0,0,2000,1162,1936,40000,15
8,1,40000,42000,1162,1936,80000,37
8,10,400000,402000,1162,1936,440000,216
8,100,4000000,4002000,1162,1936,4040000,2014
8,101,4040000,4042000,1162,1936,4080000,2036
8,102,4080000,4082000,1162,1936,4120000,2052
8,103,4120000,4122000,1162,1936,4160000,2074
8,104,4160000,4162000,1162,1936,4200000,2096
8,11,440000,442000,1162,1936,480000,237
8,12,480000,482000,1162,1936,520000,254
8,13,520000,522000,1162,1936,560000,276
8,14,560000,562000,1162,1936,600000,298
8,15,600000,602000,1162,1936,640000,315
8,16,640000,642000,1162,1936,680000,336
8,17,680000,682000,1162,1936,720000,357
8,18,720000,722000,1162,1936,760000,374
8,19,760000,762000,1162,1936,800000,396
8,2,80000,82000,1162,1936,120000,57
8,20,800000,802000,1162,1936,840000,417
8,21,840000,842000,1162,1936,880000,435
8,22,880000,882000,1162,1936,920000,456
8,23,920000,922000,1162,1936,960000,477
8,24,960000,962000,1162,1936,1000000,495
8,25,1000000,1002000,1162,1936,1040000,515
8,26,1040000,1042000,1162,1936,1080000,537
8,27,1080000,1082000,1162,1936,1120000,554
8,28,1120000,1122000,1162,1936,1160000,576
8,29,1160000,1162000,1162,1936,1200000,598
8,3,120000,122000,1162,1936,160000,75
8,30,1200000,1202000,1162,1936,1240000,614
8,31,1240000,1242000,1162,1936,1280000,636
8,32,1280000,1282000,1162,1936,1320000,656
8,33,1320000,1322000,1162,1936,1360000,674
8,34,1360000,1362000,1162,1936,1400000,696
8,35,1400000,1402000,1162,1936,1440000,717
8,36,1440000,1442000,1162,1936,1480000,735
8,37,1480000,1482000,1162,1936,1520000,755
8,38,1520000,1522000,1162,1936,1560000,777
8,39,1560000,1562000,1162,1936,1600000,794
8,4,160000,162000,1162,1936,200000,96
8,40,1600000,1602000,1162,1936,1640000,815
8,41,1640000,1642000,1162,1936,1680000,837
8,42,1680000,1682000,1162,1936,1720000,854
8,43,1720000,1722000,1162,1936,1760000,876
8,44,1760000,1762000,1162,1936,1800000,897
8,45,1800000,1802000,1162,1936,1840000,914
8,46,1840000,1842000,1162,1936,1880000,935
8,47,1880000,1882000,1162,1936,1920000,956
8,48,1920000,1922000,1162,1936,1960000,974
8,49,1960000,1962000,1162,1936,2000000,996
8,5,200000,202000,1162,1936,240000,117
8,50,2000000,2002000,1162,1936,2040000,1017
8,51,2040000,2042000,1162,1936,2080000,1034
8,52,2080000,2082000,1162,1936,2120000,1055
8,53,2120000,2122000,1162,1936,2160000,1076
8,54,2160000,2162000,1162,1936,2200000,1094
8,55,2200000,2202000,1162,1936,2240000,1115
8,56,2240000,2242000,1162,1936,2280000,1137
8,57,2280000,2282000,1162,1936,2320000,1154
8,58,2320000,2322000,1162,1936,2360000,1175
8,59,2360000,2362000,1162,1936,2400000,1197
8,6,240000,242000,1162,1936,280000,135
8,60,2400000,2402000,1162,1936,2440000,1213
8,61,2440000,2442000,1162,1936,2480000,1235
8,62,2480000,2482000,1162,1936,2520000,1256
8,63,2520000,2522000,1162,1936,2560000,1274
8,64,2560000,2562000,1162,1936,2600000,1296
8,65,2600000,2602000,1162,1936,2640000,1316
8,66,2640000,2642000,1162,1936,2680000,1334
8,67,2680000,2682000,1162,1936,2720000,1354
8,68,2720000,2722000,1162,1936,2760000,1376
8,69,2760000,2762000,1162,1936,2800000,1394
8,7,280000,282000,1162,1936,320000,156
8,70,2800000,2802000,1162,1936,2840000,1415
8,71,2840000,2842000,1162,1936,2880000,1437
8,72,2880000,2882000,1162,1936,2920000,1453
8,73,2920000,2922000,1162,1936,2960000,1475
8,74,2960000,2962000,1162,1936,3000000,1496
8,75,3000000,3002000,1162,1936,3040000,1513
8,76,3040000,3042000,1162,1936,3080000,1535
8,77,3080000,3082000,1162,1936,3120000,1556
8,78,3120000,3122000,1162,1936,3160000,1574
8,79,3160000,3162000,1162,1936,3200000,1595
8,8,320000,322000,1162,1936,360000,178
8,80,3200000,3202000,1162,1936,3240000,1616
8,81,3240000,3242000,1162,1936,3280000,1633
8,82,3280000,3282000,1162,1936,3320000,1654
8,83,3320000,3322000,1162,1936,3360000,1676
8,84,3360000,3362000,1162,1936,3400000,1694
8,85,3400000,3402000,1162,1936,3440000,1715
8,86,3440000,3442000,1162,1936,3480000,1736
8,87,3480000,3482000,1162,1936,3520000,1753
8,88,3520000,3522000,1162,1936,3560000,1774
8,89,3560000,3562000,1162,1936,3600000,1796
8,9,360000,362000,1162,1936,400000,195
8,90,3600000,3602000,1162,1936,3640000,1813
8,91,3640000,3642000,1162,1936,3680000,1835
8,92,3680000,3682000,1162,1936,3720000,1856
8,93,3720000,3722000,1162,1936,3760000,1873
8,94,3760000,3762000,1162,1936,3800000,1895
8,95,3800000,3802000,1162,1936,3840000,1915
8,96,3840000,3842000,1162,1936,3880000,1933
8,97,3880000,3882000,1162,1936,3920000,1954
8,98,3920000,3922000,1162,1936,3960000,1976
8,99,3960000,3962000,1162,1936,4000000,1994
9,0,0,3500,2162,3603,70000,29
9,1,70000,73500,2162,3603,140000,66
9,10,700000,703500,2162,3603,770000,381
9,11,770000,773500,2162,3603,840000,418
9,12,840000,843500,2162,3603,910000,449
9,13,910000,913500,2162,3603,980000,486
9,14,980000,983500,2162,3603,1050000,523
9,15,1050000,1053500,2162,3603,1120000,555
9,16,1120000,1123500,2162,3603,1190000,590
9,17,1190000,1193500,2162,3603,1260000,627
9,18,1260000,1263500,2162,3603,1330000,660
9,19,1330000,1333500,2162,3603,1400000,697
9,2,140000,143500,2162,3603,210000,103
9,20,1400000,1403500,2162,3603,1470000,731
9,21,1470000,1473500,2162,3603,1540000,764
9,22,1540000,1543500,2162,3603,1610000,801
9,23,1610000,1613500,2162,3603,1680000,838
9,24,1680000,1683500,2162,3603,1750000,869
9,25,1750000,1753500,2162,3603,1820000,905
9,26,1820000,1823500,2162,3603,1890000,942
9,27,1890000,1893500,2162,3603,1960000,975
9,28,1960000,1963500,2162,3603,2030000,1010
9,29,2030000,2033500,2162,3603,2100000,1047
9,3,210000,213500,2162,3603,280000,136
9,30,2100000,2103500,2162,3603,2170000,1079
9,31,2170000,2173500,2162,3603,2240000,1116
9,32,2240000,2243500,2162,3603,2310000,1151
9,33,2310000,2313500,2162,3603,2380000,1184
9,34,2380000,2383500,2162,3603,2450000,1221
9,35,2450000,2453500,2162,3603,2520000,1257
9,36,2520000,2523500,2162,3603,2590000,1288
9,37,2590000,2593500,2162,3603,2660000,1325
9,38,2660000,2663500,2162,3603,2730000,1362
9,39,2730000,2733500,2162,3603,2800000,1395
9,4,280000,283500,2162,3603,350000,171
9,40,2800000,2803500,2162,3603,2870000,1429
9,41,2870000,2873500,2162,3603,2940000,1466
9,42,2940000,2943500,2162,3603,3010000,1499
9,43,3010000,3013500,2162,3603,3080000,1536
9,44,3080000,3083500,2162,3603,3150000,1571
9,45,3150000,3153500,2162,3603,3220000,1603
9,46,3220000,3223500,2162,3603,3290000,1640
9,47,3290000,3293500,2162,3603,3360000,1677
9,48,3360000,3363500,2162,3603,3430000,1708
9,49,3430000,3433500,2162,3603,3500000,1745
9,5,350000,353500,2162,3603,420000,207
9,50,3500000,3503500,2162,3603,3570000,1781
9,51,3570000,3573500,2162,3603,3640000,1814
9,52,3640000,3643500,2162,3603,3710000,1849
9,53,3710000,3713500,2162,3603,3780000,1886
9,54,3780000,3783500,2162,3603,3850000,1919
9,55,3850000,3853500,2162,3603,3920000,1955
9,56,3920000,3923500,2162,3603,3990000,1990
9,57,3990000,3993500,2162,3603,4060000,2023
9,58,4060000,4063500,2162,3603,4130000,2060
9,59,4130000,4133500,2162,3603,4200000,2097
9,6,420000,423500,2162,3603,490000,240
9,7,490000,493500,2162,3603,560000,277
9,8,560000,563500,2162,3603,630000,312
9,9,630000,633500,2162,3603,700000,345
